frame,timestamp_s,yolo_ms,detections
0,1305031453.359684,696.8442689976655,5
1,1305031453.39169,705.5922750005266,4
2,1305031453.423683,550.2036489997408,4
3,1305031453.459685,546.6946609958541,6
4,1305031453.491698,564.1603080002824,5
5,1305031453.523684,582.4833820006461,6
6,1305031453.559753,545.0030580032035,5
7,1305031453.59164,618.0450090032537,5
8,1305031453.627706,722.3549350019312,4
9,1305031453.6596,712.8046789948712,4
10,1305031453.691678,571.8829460020061,4
11,1305031453.727652,563.4771000040928,3
12,1305031453.759694,545.1583370013395,3
13,1305031453.791716,591.2209399975836,3
14,1305031453.827773,511.38805400114506,3
15,1305031453.859705,765.525864000665,3
16,1305031453.89171,676.2759659977746,5
17,1305031453.927723,660.2118149967282,3
18,1305031453.959641,566.3074539988884,3
19,1305031453.991624,600.507615999959,6
20,1305031454.027662,541.1093840011745,6
21,1305031454.059654,521.1319899972295,5
22,1305031454.091651,564.6054220051155,9
23,1305031454.127701,656.0543669984327,6
24,1305031454.159672,712.6523089973489,4
25,1305031454.191658,556.8824420042802,4
26,1305031454.227671,548.8690429992857,3
27,1305031454.259627,519.0539910036023,6
28,1305031454.291639,550.3931140046916,4
29,1305031454.327699,544.8912150022807,5
30,1305031454.359636,555.934742995305,6
31,1305031454.391677,661.6387899994152,4
32,1305031454.427465,731.0624289966654,5
33,1305031454.459913,534.7510099963984,7
34,1305031454.491617,530.5344280059217,8
35,1305031454.5277,543.2782909992966,5
36,1305031454.559575,486.89662200195016,7
37,1305031454.591635,550.3782740051975,4
38,1305031454.62758,533.5904960011248,7
39,1305031454.659528,676.3165380034479,2
40,1305031454.691884,712.0664949979982,4
41,1305031454.727659,616.2749550057924,5
42,1305031454.759732,580.4992329940433,8
43,1305031454.791641,580.7434730013483,8
44,1305031454.82757,589.176605004468,6
45,1305031454.85962,574.1551269966294,11
46,1305031454.891764,657.320256003004,6
47,1305031454.927567,719.1643640035181,6
48,1305031454.959648,674.2760979977902,6
49,1305031454.991937,555.468837999797,8
50,1305031455.027799,551.12405300315,7
51,1305031455.059636,590.6423650012584,7
52,1305031455.0917,567.2352280016639,9
53,1305031455.127695,553.9627899997868,7
54,1305031455.15972,709.7103870037245,8
55,1305031455.191655,658.624467003392,5
56,1305031455.227581,615.8153159994981,6
57,1305031455.259631,527.1972170012305,4
58,1305031455.291831,528.5548829997424,8
59,1305031455.327766,495.19783400319284,8
60,1305031455.35963,517.2238309969543,7
61,1305031455.391665,511.5491769975051,3
62,1305031455.427642,617.3188370012213,5
63,1305031455.459589,705.7263359965873,4
64,1305031455.491637,667.5339650028036,5
65,1305031455.52761,554.2337379956734,7
66,1305031455.559669,523.0963780049933,4
67,1305031455.591645,519.6293530025287,9
68,1305031455.627617,523.3645219996106,5
69,1305031455.659615,512.4926390053588,5
70,1305031455.691605,586.5905309983646,7
71,1305031455.727628,619.271554001898,7
72,1305031455.759683,697.8252989938483,8
73,1305031455.791666,535.7865940022748,9
74,1305031455.82759,499.33617200440494,6
75,1305031455.859526,548.4153759971377,8
76,1305031455.891657,551.6523939950275,7
77,1305031455.927955,548.1625200045528,7
78,1305031455.959716,576.6890570012038,6
79,1305031455.991694,649.4417580033769,7
80,1305031456.02777,628.7067960001878,7
81,1305031456.059713,556.063402997097,5
82,1305031456.091707,551.6492489987286,7
83,1305031456.127645,554.3831009999849,7
84,1305031456.159731,560.7945099982317,4
85,1305031456.191658,544.187385996338,6
86,1305031456.227678,555.2888159945724,6
87,1305031456.291675,695.1532130042324,5
88,1305031456.327718,752.9487880019587,7
89,1305031456.391619,587.6552010013256,6
90,1305031456.427662,551.8731179981842,7
91,1305031456.491677,578.5726889953366,7
92,1305031456.527641,574.6391099964967,6
93,1305031456.591651,663.5137639968889,4
94,1305031456.627612,689.1038690009736,4
95,1305031456.691612,681.8388979954761,5
96,1305031456.727693,591.3780550035881,4
97,1305031456.791649,527.8249340044567,4
98,1305031456.827603,522.7515590013354,3
99,1305031456.891672,527.251872998022,5
100,1305031456.92769,509.4393789986498,2
101,1305031456.959667,589.5590040017851,1
102,1305031456.991709,679.0220229959232,2
103,1305031457.027648,658.0577100030496,4
104,1305031457.091655,628.6650379988714,1
105,1305031457.127632,569.0059600019595,2
106,1305031457.191735,673.4158780018333,2
107,1305031457.227543,756.5678140017553,5
108,1305031457.291656,731.8377199990209,3
109,1305031457.327548,764.7866820043419,4
110,1305031457.391684,723.119560003397,2
111,1305031457.427641,562.0669549971353,4
112,1305031457.491705,517.6214090024587,6
113,1305031457.527638,530.9190249972744,3
114,1305031457.559685,541.9061229986255,4
115,1305031457.591678,534.1045410023071,4
116,1305031457.627526,561.6249080048874,4
117,1305031457.659632,638.7648770032683,4
118,1305031457.69157,647.90548900055,4
119,1305031457.727669,600.7892370034824,3
120,1305031457.759556,536.6141790000256,3
121,1305031457.791567,543.9381989999674,2
122,1305031457.827699,500.79313600144815,1
123,1305031457.859623,542.9185459943255,3
124,1305031457.891593,559.4555169955129,3
125,1305031457.927633,640.4628910022439,3
126,1305031457.991644,682.7084870019462,2
127,1305031458.027845,641.9453509952291,3
128,1305031458.059689,582.228703002329,6
129,1305031458.09169,584.6094619992073,6
130,1305031458.127605,600.0449479979579,6
131,1305031458.159638,532.2399279975798,4
132,1305031458.191646,622.0537150002201,4
133,1305031458.227611,705.7040309955482,3
134,1305031458.259934,776.9563239999115,2
135,1305031458.291664,581.817387996125,2
136,1305031458.327628,635.2395599969896,2
137,1305031458.35959,590.2267569981632,1
138,1305031458.391626,646.659763995558,3
139,1305031458.427598,615.1607259962475,4
140,1305031458.459637,744.7219900059281,3
141,1305031458.491696,822.1863199942163,2
142,1305031458.527737,586.604703006742,3
143,1305031458.559628,590.5727019999176,3
144,1305031458.591641,573.0979529980686,3
145,1305031458.627659,551.7654560026131,5
146,1305031458.659623,582.9120440030238,2
147,1305031458.691674,750.6744679994881,3
148,1305031458.72765,759.8787460010499,4
149,1305031458.759945,653.1287510006223,5
150,1305031458.791632,670.7481070043286,2
151,1305031458.827564,551.0753670023405,5
152,1305031458.891665,595.1137550000567,4
153,1305031458.927621,563.9371829965967,5
154,1305031458.959617,737.4972339966916,5
155,1305031458.991647,729.7409859966137,4
156,1305031459.027665,670.9875890010153,2
157,1305031459.059631,585.4745869946782,3
158,1305031459.127618,589.5729389958433,2
159,1305031459.159639,571.0781140005565,4
160,1305031459.191674,574.568576994352,3
161,1305031459.227607,703.8319400016917,4
162,1305031459.25976,881.8083910009591,6
163,1305031459.327632,700.5796699959319,5
164,1305031459.359651,579.4479549949756,2
165,1305031459.391667,568.0631149953115,1
166,1305031459.427646,579.0452090004692,1
167,1305031459.459679,565.181518002646,1
168,1305031459.527594,595.0566539977444,0
169,1305031459.559647,688.3066289956332,2
170,1305031459.591695,899.0770319942385,3
171,1305031459.627608,571.3976190018002,8
172,1305031459.659641,574.7367479998502,6
173,1305031459.691604,572.07209700573,6
174,1305031459.727551,575.7132240032661,7
175,1305031459.79165,591.6362470015883,7
176,1305031459.827664,742.238847000408,6
177,1305031459.85966,733.1394690045272,7
178,1305031459.891596,751.2237310002092,5
179,1305031459.927607,662.3810149976634,6
180,1305031459.991725,700.9049859989318,8
181,1305031460.027565,646.628115006024,7
182,1305031460.059659,590.9155039989855,7
183,1305031460.091717,707.9742190035176,6
184,1305031460.12769,708.1272340001306,5
185,1305031460.159678,659.4879219992436,6
186,1305031460.191559,613.715350998973,5
187,1305031460.227761,600.3277150011854,5
188,1305031460.291689,589.5855810013018,5
189,1305031460.327512,562.268920999486,5
190,1305031460.391611,707.9849020010442,5
191,1305031460.427477,814.0234609963954,4
192,1305031460.45962,658.3534180026618,6
193,1305031460.491504,586.0587869974552,5
194,1305031460.52757,560.2574280055705,7
195,1305031460.559647,566.5938340025605,6
196,1305031460.591855,576.8354829997406,8
197,1305031460.627625,632.8486959973816,7
198,1305031460.659764,769.8771309951553,6
199,1305031460.691671,712.4118549982086,6
200,1305031460.727675,558.0464490049053,6
201,1305031460.759667,581.6738779976731,6
202,1305031460.79166,590.9017119993223,5
203,1305031460.82766,570.7335560000502,5
204,1305031460.859714,579.6322410024004,4
205,1305031460.891774,720.2979869980481,5
206,1305031460.927562,718.3036130008986,9
207,1305031460.991668,647.5927819992648,4
208,1305031461.02762,556.9639120003558,6
209,1305031461.091728,549.6588150053867,7
210,1305031461.127586,591.5953029980301,5
211,1305031461.15972,571.554832997208,4
212,1305031461.192013,603.4603549996973,6
213,1305031461.227607,764.4492479957989,5
214,1305031461.259642,792.8013410055428,5
215,1305031461.291656,567.4761920017772,5
216,1305031461.327751,550.1194110038341,6
217,1305031461.359709,583.1546720000915,7
218,1305031461.391708,582.7057069982402,6
219,1305031461.427624,604.1246520035202,6
220,1305031461.459781,754.4603339993046,6
221,1305031461.491677,764.3045170043479,5
222,1305031461.527705,600.2571440039901,8
223,1305031461.559677,573.2034699976793,7
224,1305031461.59169,591.852582001593,7
225,1305031461.627541,569.7522990012658,6
226,1305031461.659622,568.3967980003217,5
227,1305031461.691563,693.3505670021987,6
228,1305031461.727602,763.3255129985628,10
229,1305031461.759684,688.4861330036074,8
230,1305031461.791612,592.8442900039954,6
231,1305031461.827615,568.833913996059,5
232,1305031461.859767,514.89383399894,6
233,1305031461.891723,555.0628729979508,4
234,1305031461.927758,583.9873350050766,5
235,1305031461.959703,709.964821995527,4
236,1305031461.99159,710.8915049975622,4
237,1305031462.027675,596.6400870020152,3
238,1305031462.059837,585.5982330031111,4
239,1305031462.091777,549.1063580047921,4
240,1305031462.127739,573.8434320010128,5
241,1305031462.159646,589.4833929996821,5
242,1305031462.191641,692.5650049961405,7
243,1305031462.227633,772.8222270015976,6
244,1305031462.259765,678.5012589971302,5
245,1305031462.291629,569.3376039998839,5
246,1305031462.32754,589.3155300000217,5
247,1305031462.359732,553.7453409997397,3
248,1305031462.391695,542.1424510059296,3
249,1305031462.427635,546.3144109962741,4
250,1305031462.459897,668.2248349970905,4
251,1305031462.492008,684.0674990016851,4
252,1305031462.52767,598.1562739980291,6
253,1305031462.559862,528.5403840025538,5
254,1305031462.591862,535.4926789950696,3
255,1305031462.627851,651.5272300021024,5
256,1305031462.65966,546.2499530040077,5
257,1305031462.692548,517.7867089951178,4
258,1305031462.727652,785.4047190048732,5
259,1305031462.759782,706.5411630028393,3
260,1305031462.791943,539.178405997518,5
261,1305031462.827816,536.7580889942474,3
262,1305031462.859782,542.157549993135,2
263,1305031462.891847,514.575845998479,3
264,1305031462.927607,529.1592879948439,4
265,1305031462.959676,546.5015260051587,3
266,1305031462.99555,690.2827759986394,3
267,1305031463.027667,669.6239590019104,3
268,1305031463.05981,535.359891000553,5
269,1305031463.095809,532.0447420017445,4
270,1305031463.12755,513.2275180003489,4
271,1305031463.159787,496.73822200566065,3
272,1305031463.195657,526.5629580026143,3
273,1305031463.227784,521.7635329972836,5
274,1305031463.260034,687.9922179941786,5
275,1305031463.295737,716.5626770001836,5
276,1305031463.327739,574.8384469989105,5
277,1305031463.35975,548.6846130006597,3
278,1305031463.39563,554.0968889981741,7
279,1305031463.427716,523.6315750007634,8
280,1305031463.459756,526.0336110004573,6
281,1305031463.495629,510.40909199946327,6
282,1305031463.52767,690.5848469978082,7
283,1305031463.559751,653.2732380001107,5
284,1305031463.5956,630.399588997534,6
285,1305031463.627588,572.7653349968023,5
286,1305031463.659766,573.3651670016116,3
287,1305031463.69564,579.3925519974437,6
288,1305031463.727588,590.3827530055423,4
289,1305031463.759674,611.1522110004444,4
290,1305031463.795647,748.76776200108,5
291,1305031463.827761,685.4076949966839,4
292,1305031463.85991,525.5805310007418,7
293,1305031463.895648,540.5156940032612,6
294,1305031463.927664,548.2032470026752,7
295,1305031463.95968,537.6904680015286,6
296,1305031463.995821,527.986024004349,8
297,1305031464.027703,580.4663460003212,7
298,1305031464.059652,721.4535419989261,8
299,1305031464.095634,695.4142109971144,5
300,1305031464.127681,566.7248219979228,8
301,1305031464.159817,591.7965580010787,4
302,1305031464.195585,499.032536004961,4
303,1305031464.227624,608.7289939969196,6
304,1305031464.259644,589.999052004714,5
305,1305031464.295667,782.7296589966863,4
306,1305031464.327866,753.1127170004766,5
307,1305031464.359684,630.37331400119,6
308,1305031464.395611,582.2054510063026,5
309,1305031464.427634,568.0389519984601,8
310,1305031464.459689,569.5049869973445,7
311,1305031464.495633,572.6981689949753,8
312,1305031464.527574,707.9257110017352,7
313,1305031464.559703,723.2170010029222,6
314,1305031464.595698,730.0651440018555,4
315,1305031464.627672,587.7755269975751,3
316,1305031464.659749,531.6270570037887,3
317,1305031464.695663,568.6503239994636,2
318,1305031464.727652,587.3200030036969,4
319,1305031464.75974,588.9699250037665,4
320,1305031464.796021,758.1977329973597,3
321,1305031464.827759,717.4380919968826,3
322,1305031464.859654,609.2017100017983,3
323,1305031464.895817,566.040477999195,4
324,1305031464.927799,585.6857309991028,4
325,1305031464.959763,584.9840619994211,5
326,1305031464.995687,549.382199998945,5
327,1305031465.027823,660.0280179991387,5
328,1305031465.059749,743.1588809995446,4
329,1305031465.0957,710.4950540015125,0
330,1305031465.127664,584.8181609981111,1
331,1305031465.159842,573.6454780053464,1
332,1305031465.195564,577.6355310008512,4
333,1305031465.227907,577.1121209982084,2
334,1305031465.259807,599.1569649995654,5
335,1305031465.295623,758.4247639970272,7
336,1305031465.327674,762.0254450011998,6
337,1305031465.359948,581.8196659965906,3
338,1305031465.395586,579.3198690007557,8
339,1305031465.427697,567.5449080008548,7
340,1305031465.460125,576.6406080001616,6
341,1305031465.495703,587.2433969998383,6
342,1305031465.527622,727.7495520029333,4
343,1305031465.559812,712.8619249997428,5
344,1305031465.595599,662.4169939968851,6
345,1305031465.627688,575.7418369976222,6
346,1305031465.66006,586.8872209975962,4
347,1305031465.695668,592.9749190036091,7
348,1305031465.727682,571.5058329951717,4
349,1305031465.759766,651.1092840009951,4
350,1305031465.795937,705.0747059984133,6
351,1305031465.827996,733.7222290007048,6
352,1305031465.859861,633.0310060002375,4
353,1305031465.895494,583.0062070017448,5
354,1305031465.927495,539.0735740002128,6
355,1305031465.95971,582.620647001022,4
356,1305031465.995753,561.7228759947466,6
357,1305031466.027644,778.5935670035542,9
358,1305031466.059757,728.3236570001463,7
359,1305031466.09584,622.0245669974247,12
360,1305031466.12764,578.628638999362,6
361,1305031466.160428,572.3668229984469,8
362,1305031466.195833,571.1564530065516,5
363,1305031466.227951,569.6433580014855,6
364,1305031466.259815,627.816943997459,9
365,1305031466.295737,749.1746870000497,7
366,1305031466.327702,788.1322230023216,4
367,1305031466.359829,576.8056610031636,6
368,1305031466.395784,550.2242650036351,10
369,1305031466.427819,524.6490509962314,10
370,1305031466.45979,496.36596900381846,7
371,1305031466.495809,551.7092019945267,7
372,1305031466.527538,636.7632190012955,8
373,1305031466.560353,701.5394300033222,7
374,1305031466.595936,628.0494219972752,7
375,1305031466.627549,531.397464001202,9
376,1305031466.659688,542.5515690003522,6
377,1305031466.695822,539.6492720028618,7
378,1305031466.728074,545.1436760049546,8
379,1305031466.759637,549.9540770033491,9
380,1305031466.795604,598.3356840006309,6
381,1305031466.827879,644.5257340019452,7
382,1305031466.859665,634.4648660015082,8
383,1305031466.895694,529.2887670002528,8
384,1305031466.927756,573.1288909955765,7
385,1305031466.959728,541.3235720043303,8
386,1305031466.995712,543.9093649983988,8
387,1305031467.027843,537.5186999954167,8
388,1305031467.0597,686.8002170012915,8
389,1305031467.095687,682.5046610028949,6
390,1305031467.128974,572.6326209987747,8
391,1305031467.15966,549.0097239962779,7
392,1305031467.195663,499.72904400055995,5
393,1305031467.227704,547.3026109975763,7
394,1305031467.259694,530.9589140015305,7
395,1305031467.295846,540.3119449983933,6
396,1305031467.328008,589.3136389931897,7
397,1305031467.359654,653.6515490006423,8
398,1305031467.395756,626.7891349998536,8
399,1305031467.427783,527.8754250030033,7
400,1305031467.459692,520.8805759975803,6
401,1305031467.496058,532.4694199953228,7
402,1305031467.527663,531.0999940047623,8
403,1305031467.559763,538.9219499993487,7
404,1305031467.595989,599.6334349983954,8
405,1305031467.627532,668.4928210015642,6
406,1305031467.659626,636.6933359968243,9
407,1305031467.695886,546.050736993493,7
408,1305031467.727535,663.2221309992019,7
409,1305031467.759907,555.2432100012084,7
410,1305031467.796075,561.7697589987074,8
411,1305031467.8278,539.2696030030493,10
412,1305031467.859729,637.5277139959508,8
413,1305031467.895947,732.5533229959547,7
414,1305031467.927754,614.6746650047135,9
415,1305031467.959826,534.773748004227,9
416,1305031467.995754,514.6743679943029,7
417,1305031468.028107,536.7613540001912,7
418,1305031468.05985,536.4348889997927,7
419,1305031468.095867,537.6982029993087,9
420,1305031468.127816,642.0736569998553,10
421,1305031468.159864,703.0453230036073,6
422,1305031468.195985,629.4754210030078,7
423,1305031468.228158,525.3768320035306,5
424,1305031468.259754,519.0525750003872,7
425,1305031468.29583,537.7092290000292,8
426,1305031468.327847,538.6254499971983,4
427,1305031468.359787,511.9002419960452,9
428,1305031468.39586,600.1462600033847,6
429,1305031468.428025,713.8313360046595,7
430,1305031468.459759,658.7320159960655,6
431,1305031468.495809,552.8253949960344,5
432,1305031468.527756,542.9628080019029,8
433,1305031468.559739,550.0698370015016,8
434,1305031468.595768,549.6665230020881,9
435,1305031468.627626,563.1270669982769,11
436,1305031468.659579,676.54938200576,6
437,1305031468.695835,728.595642001892,6
438,1305031468.727785,610.1892899969243,8
439,1305031468.759628,539.3690199998673,11
440,1305031468.795796,512.6293880020967,7
441,1305031468.829247,533.3495029990445,8
442,1305031468.859659,506.87416700384347,9
443,1305031468.895873,537.9789780054125,9
444,1305031468.928141,624.5562350013643,10
445,1305031468.959594,689.0933370013954,9
446,1305031468.995711,640.2437560027465,7
447,1305031469.027699,525.9391279978445,5
448,1305031469.059832,539.4112089998089,6
449,1305031469.095723,532.9282129969215,4
450,1305031469.127679,542.1414259981248,5
451,1305031469.159703,531.5381740001612,4
452,1305031469.19554,721.1580600051093,8
453,1305031469.227754,656.4913609981886,9
454,1305031469.259586,614.9259439989692,8
455,1305031469.296754,547.3124330019346,6
456,1305031469.327618,507.87125599890715,5
457,1305031469.359592,531.629848999728,7
458,1305031469.395695,555.8459230014705,8
459,1305031469.427651,528.0833300057566,5
460,1305031469.459668,629.1521270031808,5
461,1305031469.495744,683.018160998472,7
462,1305031469.527622,666.1909670001478,6
463,1305031469.559645,514.1819999989821,5
464,1305031469.595755,546.6954939984134,3
465,1305031469.627752,522.4824530014303,5
466,1305031469.65959,503.96433800051454,6
467,1305031469.695613,519.5285270019667,5
468,1305031469.727679,584.3583499954548,5
469,1305031469.759599,729.0308149968041,5
470,1305031469.795621,711.5323059988441,5
471,1305031469.827526,576.4895530010108,4
472,1305031469.859574,558.303824000177,5
473,1305031469.895755,574.3030150042614,3
474,1305031469.927854,569.1244980043848,2
475,1305031469.959805,571.4534390062909,3
476,1305031469.995551,668.2403649974731,3
477,1305031470.027694,690.7157340028789,3
478,1305031470.059638,645.9726169996429,3
479,1305031470.095944,533.353425002133,3
480,1305031470.127633,533.2294409963652,2
481,1305031470.159626,527.0340570059489,2
482,1305031470.196092,544.0170600049896,2
483,1305031470.227618,554.5092169995769,2
484,1305031470.259965,632.7360439972836,2
485,1305031470.295718,764.3725309972069,4
486,1305031470.327644,596.9286969993846,4
487,1305031470.359624,540.9786470045219,5
488,1305031470.395823,508.41519000096014,4
489,1305031470.427641,536.7048510015593,9
490,1305031470.459721,535.0098510025418,8
491,1305031470.495686,565.3043820057064,7
492,1305031470.527689,670.3218880065833,7
493,1305031470.559677,714.4440909978584,6
494,1305031470.59576,610.4865800007246,4
495,1305031470.627729,545.5763530044351,5
496,1305031470.65969,498.0117240047548,3
497,1305031470.69563,546.611016994575,2
498,1305031470.727654,534.8744509974495,2
499,1305031470.759682,556.8358390009962,3
500,1305031470.795615,623.8953189968015,2
501,1305031470.827831,700.7189750001999,3
502,1305031470.859645,611.7570649948902,3
503,1305031470.895722,542.5081030043657,3
504,1305031470.927684,534.4095710024703,1
505,1305031470.959647,534.304347995203,0
506,1305031470.995996,501.66578199423384,3
507,1305031471.027644,531.5983469990897,3
508,1305031471.059636,666.2225469990517,1
509,1305031471.095777,686.0764900047798,2
510,1305031471.127663,654.5652560016606,3
511,1305031471.159649,630.8997570013162,4
512,1305031471.195703,582.0577029953711,6
513,1305031471.227569,576.0705950015108,5
514,1305031471.259722,581.5150339985848,4
515,1305031471.296068,669.553141000506,5
516,1305031471.327642,748.0074410050292,4
517,1305031471.359615,694.7984299986274,5
518,1305031471.39573,580.1816940002027,5
519,1305031471.427704,587.9568710006424,7
520,1305031471.459647,564.8050570016494,7
521,1305031471.496491,570.8864580010413,7
522,1305031471.527624,602.6805760047864,6
523,1305031471.559671,751.5592190029565,5
524,1305031471.595702,768.0848680029158,4
525,1305031471.627621,639.0817409992451,6
526,1305031471.659642,803.6878679995425,6
527,1305031471.695609,592.1275009968667,5
528,1305031471.727501,562.1700449992204,4
529,1305031471.759702,605.9152450034162,5
530,1305031471.795801,726.9318180042319,3
531,1305031471.827639,758.524971002771,3
532,1305031471.859665,593.6654729957809,6
533,1305031471.895604,578.2555030018557,3
534,1305031471.927651,587.5085119987489,3
535,1305031471.959643,579.0912960001151,6
536,1305031471.995573,586.673065998184,3
537,1305031472.027638,696.0816660066484,2
538,1305031472.059668,753.8236269974732,7
539,1305031472.095601,656.1858280037995,3
540,1305031472.127594,586.1399849964073,4
541,1305031472.159645,556.27743700461,4
542,1305031472.195682,572.798827997758,4
543,1305031472.227626,572.6601600035792,3
544,1305031472.26384,620.971593001741,3
545,1305031472.295671,697.6361479974003,3
546,1305031472.327678,733.5802969973884,4
547,1305031472.363577,574.5840210001916,5
548,1305031472.395599,578.9177190017654,5
549,1305031472.427686,587.554393998289,3
550,1305031472.463603,576.5586260022246,5
551,1305031472.495626,551.9973530026618,4
552,1305031472.527625,697.2843570038094,4
553,1305031472.563587,725.3183829961927,3
554,1305031472.595675,662.1189799989224,5
555,1305031472.627701,584.3451830005506,5
556,1305031472.663575,576.5100420030649,5
557,1305031472.695755,578.6576320024324,5
558,1305031472.727628,577.7386670015403,6
559,1305031472.763578,595.4833529976895,4
560,1305031472.79564,777.0855030030361,5
561,1305031472.827627,735.9356150045642,5
562,1305031472.863598,577.5082350010052,5
563,1305031472.895713,573.30470099987,5
564,1305031472.927685,582.2123010002542,8
565,1305031472.963756,587.130702995637,8
566,1305031472.995704,561.8487440005993,7
567,1305031473.027638,697.2748099942692,8
568,1305031473.063684,755.628358994727,6
569,1305031473.095695,629.4154669958516,9
570,1305031473.127744,550.2224360025139,8
571,1305031473.16706,539.7636300040176,8
572,1305031473.196069,585.3077299980214,9
