frame,pipeline,slam_ms,yolo_ms,pipeline_ms
0,Drift ON + YOLOv8n CPU (COCO),38.460586,696.8442689976655,735.3048549976655
1,Drift ON + YOLOv8n CPU (COCO),42.661101,705.5922750005266,748.2533760005266
2,Drift ON + YOLOv8n CPU (COCO),43.686345,550.2036489997408,593.8899939997408
3,Drift ON + YOLOv8n CPU (COCO),44.188768,546.6946609958541,590.883428995854
4,Drift ON + YOLOv8n CPU (COCO),44.201857999999994,564.1603080002824,608.3621660002824
5,Drift ON + YOLOv8n CPU (COCO),45.193627,582.4833820006461,627.6770090006461
6,Drift ON + YOLOv8n CPU (COCO),45.473181000000004,545.0030580032035,590.4762390032034
7,Drift ON + YOLOv8n CPU (COCO),46.454206,618.0450090032537,664.4992150032537
8,Drift ON + YOLOv8n CPU (COCO),47.493752,722.3549350019312,769.8486870019311
9,Drift ON + YOLOv8n CPU (COCO),47.970042,712.8046789948712,760.7747209948712
10,Drift ON + YOLOv8n CPU (COCO),48.044488,571.8829460020061,619.9274340020061
11,Drift ON + YOLOv8n CPU (COCO),48.35476,563.4771000040928,611.8318600040927
12,Drift ON + YOLOv8n CPU (COCO),48.833068,545.1583370013395,593.9914050013396
13,Drift ON + YOLOv8n CPU (COCO),49.786635000000004,591.2209399975836,641.0075749975837
14,Drift ON + YOLOv8n CPU (COCO),49.858373,511.38805400114506,561.2464270011451
15,Drift ON + YOLOv8n CPU (COCO),49.965873,765.525864000665,815.491737000665
16,Drift ON + YOLOv8n CPU (COCO),50.326682999999996,676.2759659977746,726.6026489977746
17,Drift ON + YOLOv8n CPU (COCO),50.458662000000004,660.2118149967282,710.6704769967282
18,Drift ON + YOLOv8n CPU (COCO),50.50412600000001,566.3074539988884,616.8115799988884
19,Drift ON + YOLOv8n CPU (COCO),50.56081,600.507615999959,651.0684259999589
20,Drift ON + YOLOv8n CPU (COCO),51.140785,541.1093840011745,592.2501690011745
21,Drift ON + YOLOv8n CPU (COCO),51.274896,521.1319899972295,572.4068859972296
22,Drift ON + YOLOv8n CPU (COCO),51.306415,564.6054220051155,615.9118370051156
23,Drift ON + YOLOv8n CPU (COCO),51.445077999999995,656.0543669984327,707.4994449984326
24,Drift ON + YOLOv8n CPU (COCO),51.653374,712.6523089973489,764.3056829973489
25,Drift ON + YOLOv8n CPU (COCO),52.235238,556.8824420042802,609.1176800042801
26,Drift ON + YOLOv8n CPU (COCO),52.576195,548.8690429992857,601.4452379992857
27,Drift ON + YOLOv8n CPU (COCO),52.799456,519.0539910036023,571.8534470036022
28,Drift ON + YOLOv8n CPU (COCO),52.960913999999995,550.3931140046916,603.3540280046916
29,Drift ON + YOLOv8n CPU (COCO),53.071931,544.8912150022807,597.9631460022806
30,Drift ON + YOLOv8n CPU (COCO),53.136636,555.934742995305,609.0713789953049
31,Drift ON + YOLOv8n CPU (COCO),53.320706,661.6387899994152,714.9594959994151
32,Drift ON + YOLOv8n CPU (COCO),53.559501000000004,731.0624289966654,784.6219299966654
33,Drift ON + YOLOv8n CPU (COCO),53.63537,534.7510099963984,588.3863799963983
34,Drift ON + YOLOv8n CPU (COCO),53.663187,530.5344280059217,584.1976150059216
35,Drift ON + YOLOv8n CPU (COCO),53.776554999999995,543.2782909992966,597.0548459992966
36,Drift ON + YOLOv8n CPU (COCO),53.910628,486.89662200195016,540.8072500019501
37,Drift ON + YOLOv8n CPU (COCO),54.191642,550.3782740051975,604.5699160051975
38,Drift ON + YOLOv8n CPU (COCO),54.249752,533.5904960011248,587.8402480011248
39,Drift ON + YOLOv8n CPU (COCO),54.507341000000004,676.3165380034479,730.8238790034479
40,Drift ON + YOLOv8n CPU (COCO),54.545026,712.0664949979982,766.6115209979982
41,Drift ON + YOLOv8n CPU (COCO),54.597676,616.2749550057924,670.8726310057924
42,Drift ON + YOLOv8n CPU (COCO),54.788931999999996,580.4992329940433,635.2881649940433
43,Drift ON + YOLOv8n CPU (COCO),55.051837,580.7434730013483,635.7953100013483
44,Drift ON + YOLOv8n CPU (COCO),55.111151,589.176605004468,644.287756004468
45,Drift ON + YOLOv8n CPU (COCO),55.113133000000005,574.1551269966294,629.2682599966295
46,Drift ON + YOLOv8n CPU (COCO),55.176411,657.320256003004,712.4966670030041
47,Drift ON + YOLOv8n CPU (COCO),55.235426999999994,719.1643640035181,774.3997910035181
48,Drift ON + YOLOv8n CPU (COCO),55.325056999999994,674.2760979977902,729.6011549977902
49,Drift ON + YOLOv8n CPU (COCO),55.34035,555.468837999797,610.8091879997969
50,Drift ON + YOLOv8n CPU (COCO),55.364482,551.12405300315,606.48853500315
51,Drift ON + YOLOv8n CPU (COCO),55.436704000000006,590.6423650012584,646.0790690012584
52,Drift ON + YOLOv8n CPU (COCO),55.461738,567.2352280016639,622.6969660016639
53,Drift ON + YOLOv8n CPU (COCO),55.479128,553.9627899997868,609.4419179997867
54,Drift ON + YOLOv8n CPU (COCO),55.519126,709.7103870037245,765.2295130037245
55,Drift ON + YOLOv8n CPU (COCO),55.543292,658.624467003392,714.167759003392
56,Drift ON + YOLOv8n CPU (COCO),55.614329999999995,615.8153159994981,671.4296459994981
57,Drift ON + YOLOv8n CPU (COCO),55.709884,527.1972170012305,582.9071010012304
58,Drift ON + YOLOv8n CPU (COCO),55.928271,528.5548829997424,584.4831539997424
59,Drift ON + YOLOv8n CPU (COCO),56.021623,495.1978340031928,551.2194570031928
60,Drift ON + YOLOv8n CPU (COCO),56.069382000000004,517.2238309969543,573.2932129969544
61,Drift ON + YOLOv8n CPU (COCO),56.166418,511.5491769975051,567.7155949975051
62,Drift ON + YOLOv8n CPU (COCO),56.190047,617.3188370012213,673.5088840012213
63,Drift ON + YOLOv8n CPU (COCO),56.319397,705.7263359965873,762.0457329965873
64,Drift ON + YOLOv8n CPU (COCO),56.380488,667.5339650028036,723.9144530028036
65,Drift ON + YOLOv8n CPU (COCO),56.397934,554.2337379956734,610.6316719956734
66,Drift ON + YOLOv8n CPU (COCO),56.443228999999995,523.0963780049933,579.5396070049933
67,Drift ON + YOLOv8n CPU (COCO),56.556527,519.6293530025287,576.1858800025286
68,Drift ON + YOLOv8n CPU (COCO),56.80719,523.3645219996106,580.1717119996106
69,Drift ON + YOLOv8n CPU (COCO),56.822058,512.4926390053588,569.3146970053588
70,Drift ON + YOLOv8n CPU (COCO),56.841243,586.5905309983646,643.4317739983645
71,Drift ON + YOLOv8n CPU (COCO),56.849096,619.271554001898,676.1206500018981
72,Drift ON + YOLOv8n CPU (COCO),56.989278999999996,697.8252989938483,754.8145779938483
73,Drift ON + YOLOv8n CPU (COCO),57.223145,535.7865940022748,593.0097390022748
74,Drift ON + YOLOv8n CPU (COCO),57.3732,499.33617200440494,556.7093720044049
75,Drift ON + YOLOv8n CPU (COCO),57.442293,548.4153759971377,605.8576689971377
76,Drift ON + YOLOv8n CPU (COCO),57.52033,551.6523939950275,609.1727239950276
77,Drift ON + YOLOv8n CPU (COCO),57.656273,548.1625200045528,605.8187930045528
78,Drift ON + YOLOv8n CPU (COCO),57.70503,576.6890570012038,634.3940870012037
79,Drift ON + YOLOv8n CPU (COCO),57.707142000000005,649.4417580033769,707.1489000033769
80,Drift ON + YOLOv8n CPU (COCO),57.7734,628.7067960001878,686.4801960001878
81,Drift ON + YOLOv8n CPU (COCO),57.793122000000004,556.063402997097,613.856524997097
82,Drift ON + YOLOv8n CPU (COCO),58.157694,551.6492489987286,609.8069429987286
83,Drift ON + YOLOv8n CPU (COCO),58.171581,554.3831009999849,612.554681999985
84,Drift ON + YOLOv8n CPU (COCO),58.224712,560.7945099982317,619.0192219982316
85,Drift ON + YOLOv8n CPU (COCO),58.238655,544.187385996338,602.426040996338
86,Drift ON + YOLOv8n CPU (COCO),58.284931,555.2888159945724,613.5737469945724
87,Drift ON + YOLOv8n CPU (COCO),58.307134,695.1532130042324,753.4603470042324
88,Drift ON + YOLOv8n CPU (COCO),58.315523,752.9487880019587,811.2643110019587
89,Drift ON + YOLOv8n CPU (COCO),58.337245,587.6552010013256,645.9924460013257
90,Drift ON + YOLOv8n CPU (COCO),58.337856,551.8731179981842,610.2109739981842
91,Drift ON + YOLOv8n CPU (COCO),58.44754,578.5726889953366,637.0202289953367
92,Drift ON + YOLOv8n CPU (COCO),58.52152,574.6391099964967,633.1606299964967
93,Drift ON + YOLOv8n CPU (COCO),58.547243,663.5137639968889,722.0610069968889
94,Drift ON + YOLOv8n CPU (COCO),58.552597,689.1038690009736,747.6564660009736
95,Drift ON + YOLOv8n CPU (COCO),58.574613,681.8388979954761,740.4135109954761
96,Drift ON + YOLOv8n CPU (COCO),58.628112,591.3780550035881,650.0061670035881
97,Drift ON + YOLOv8n CPU (COCO),58.701336,527.8249340044567,586.5262700044567
98,Drift ON + YOLOv8n CPU (COCO),58.810946,522.7515590013354,581.5625050013355
99,Drift ON + YOLOv8n CPU (COCO),58.812093000000004,527.251872998022,586.063965998022
100,Drift ON + YOLOv8n CPU (COCO),58.814868,509.4393789986498,568.2542469986498
101,Drift ON + YOLOv8n CPU (COCO),58.841757,589.5590040017851,648.4007610017851
102,Drift ON + YOLOv8n CPU (COCO),58.917832000000004,679.0220229959232,737.9398549959232
103,Drift ON + YOLOv8n CPU (COCO),58.938351,658.0577100030496,716.9960610030496
104,Drift ON + YOLOv8n CPU (COCO),58.976516,628.6650379988714,687.6415539988714
105,Drift ON + YOLOv8n CPU (COCO),58.990963,569.0059600019595,627.9969230019594
106,Drift ON + YOLOv8n CPU (COCO),59.045702,673.4158780018333,732.4615800018333
107,Drift ON + YOLOv8n CPU (COCO),59.103053,756.5678140017553,815.6708670017554
108,Drift ON + YOLOv8n CPU (COCO),59.253308999999994,731.8377199990209,791.0910289990209
109,Drift ON + YOLOv8n CPU (COCO),59.308715,764.7866820043419,824.0953970043419
110,Drift ON + YOLOv8n CPU (COCO),59.396252,723.119560003397,782.5158120033971
111,Drift ON + YOLOv8n CPU (COCO),59.439734,562.0669549971353,621.5066889971354
112,Drift ON + YOLOv8n CPU (COCO),59.465624,517.6214090024587,577.0870330024587
113,Drift ON + YOLOv8n CPU (COCO),59.561271,530.9190249972744,590.4802959972744
114,Drift ON + YOLOv8n CPU (COCO),59.592638,541.9061229986255,601.4987609986255
115,Drift ON + YOLOv8n CPU (COCO),59.601138999999996,534.1045410023071,593.7056800023071
116,Drift ON + YOLOv8n CPU (COCO),59.62503,561.6249080048874,621.2499380048874
117,Drift ON + YOLOv8n CPU (COCO),59.681252,638.7648770032683,698.4461290032683
118,Drift ON + YOLOv8n CPU (COCO),59.691194,647.90548900055,707.59668300055
119,Drift ON + YOLOv8n CPU (COCO),59.70712,600.7892370034824,660.4963570034824
120,Drift ON + YOLOv8n CPU (COCO),59.755158,536.6141790000256,596.3693370000257
121,Drift ON + YOLOv8n CPU (COCO),59.761766,543.9381989999674,603.6999649999674
122,Drift ON + YOLOv8n CPU (COCO),59.769489,500.79313600144815,560.5626250014482
123,Drift ON + YOLOv8n CPU (COCO),59.809305,542.9185459943255,602.7278509943255
124,Drift ON + YOLOv8n CPU (COCO),59.815545,559.4555169955129,619.2710619955129
125,Drift ON + YOLOv8n CPU (COCO),59.847008,640.4628910022439,700.3098990022438
126,Drift ON + YOLOv8n CPU (COCO),59.863265999999996,682.7084870019462,742.5717530019461
127,Drift ON + YOLOv8n CPU (COCO),59.865709,641.9453509952291,701.8110599952291
128,Drift ON + YOLOv8n CPU (COCO),59.911653,582.228703002329,642.140356002329
129,Drift ON + YOLOv8n CPU (COCO),59.978969,584.6094619992073,644.5884309992073
130,Drift ON + YOLOv8n CPU (COCO),60.090523,600.0449479979579,660.1354709979579
131,Drift ON + YOLOv8n CPU (COCO),60.122781,532.2399279975798,592.3627089975798
132,Drift ON + YOLOv8n CPU (COCO),60.146671,622.0537150002201,682.2003860002201
133,Drift ON + YOLOv8n CPU (COCO),60.183633,705.7040309955482,765.8876639955482
134,Drift ON + YOLOv8n CPU (COCO),60.294893,776.9563239999115,837.2512169999115
135,Drift ON + YOLOv8n CPU (COCO),60.314614000000006,581.817387996125,642.132001996125
136,Drift ON + YOLOv8n CPU (COCO),60.319781000000006,635.2395599969896,695.5593409969896
137,Drift ON + YOLOv8n CPU (COCO),60.375406999999996,590.2267569981632,650.6021639981632
138,Drift ON + YOLOv8n CPU (COCO),60.380872000000004,646.659763995558,707.040635995558
139,Drift ON + YOLOv8n CPU (COCO),60.430873000000005,615.1607259962475,675.5915989962475
140,Drift ON + YOLOv8n CPU (COCO),60.481649,744.7219900059281,805.203639005928
141,Drift ON + YOLOv8n CPU (COCO),60.542684,822.1863199942163,882.7290039942163
142,Drift ON + YOLOv8n CPU (COCO),60.762886,586.604703006742,647.367589006742
143,Drift ON + YOLOv8n CPU (COCO),60.765054,590.5727019999176,651.3377559999176
144,Drift ON + YOLOv8n CPU (COCO),60.865663,573.0979529980686,633.9636159980687
145,Drift ON + YOLOv8n CPU (COCO),60.899235000000004,551.7654560026131,612.664691002613
146,Drift ON + YOLOv8n CPU (COCO),60.95653,582.9120440030238,643.8685740030238
147,Drift ON + YOLOv8n CPU (COCO),61.069384,750.6744679994881,811.7438519994881
148,Drift ON + YOLOv8n CPU (COCO),61.097272000000004,759.8787460010499,820.9760180010499
149,Drift ON + YOLOv8n CPU (COCO),61.242808000000004,653.1287510006223,714.3715590006223
150,Drift ON + YOLOv8n CPU (COCO),61.260287,670.7481070043286,732.0083940043286
151,Drift ON + YOLOv8n CPU (COCO),61.29612,551.0753670023405,612.3714870023405
152,Drift ON + YOLOv8n CPU (COCO),61.30384299999999,595.1137550000567,656.4175980000567
153,Drift ON + YOLOv8n CPU (COCO),61.392415,563.9371829965967,625.3295979965967
154,Drift ON + YOLOv8n CPU (COCO),61.442897,737.4972339966916,798.9401309966917
155,Drift ON + YOLOv8n CPU (COCO),61.452284000000006,729.7409859966137,791.1932699966137
156,Drift ON + YOLOv8n CPU (COCO),61.466232000000005,670.9875890010153,732.4538210010153
157,Drift ON + YOLOv8n CPU (COCO),61.476823,585.4745869946782,646.9514099946782
158,Drift ON + YOLOv8n CPU (COCO),61.505713,589.5729389958433,651.0786519958433
159,Drift ON + YOLOv8n CPU (COCO),61.532822,571.0781140005565,632.6109360005565
160,Drift ON + YOLOv8n CPU (COCO),61.593268,574.568576994352,636.161844994352
161,Drift ON + YOLOv8n CPU (COCO),61.59512,703.8319400016917,765.4270600016916
162,Drift ON + YOLOv8n CPU (COCO),61.607711,881.8083910009591,943.4161020009591
163,Drift ON + YOLOv8n CPU (COCO),61.636801999999996,700.5796699959319,762.2164719959319
164,Drift ON + YOLOv8n CPU (COCO),61.698969,579.4479549949756,641.1469239949756
165,Drift ON + YOLOv8n CPU (COCO),61.710339000000005,568.0631149953115,629.7734539953115
166,Drift ON + YOLOv8n CPU (COCO),61.717339,579.0452090004692,640.7625480004692
167,Drift ON + YOLOv8n CPU (COCO),62.134631000000006,565.181518002646,627.3161490026461
168,Drift ON + YOLOv8n CPU (COCO),62.139966,595.0566539977444,657.1966199977444
169,Drift ON + YOLOv8n CPU (COCO),62.204,688.3066289956332,750.5106289956332
170,Drift ON + YOLOv8n CPU (COCO),62.225629,899.0770319942385,961.3026609942385
171,Drift ON + YOLOv8n CPU (COCO),62.244794999999996,571.3976190018002,633.6424140018001
172,Drift ON + YOLOv8n CPU (COCO),62.350295,574.7367479998502,637.0870429998502
173,Drift ON + YOLOv8n CPU (COCO),62.367793,572.07209700573,634.43989000573
174,Drift ON + YOLOv8n CPU (COCO),62.401998999999996,575.7132240032661,638.1152230032661
175,Drift ON + YOLOv8n CPU (COCO),62.51283000000001,591.6362470015883,654.1490770015884
176,Drift ON + YOLOv8n CPU (COCO),62.665640999999994,742.238847000408,804.904488000408
177,Drift ON + YOLOv8n CPU (COCO),62.665679000000004,733.1394690045272,795.8051480045272
178,Drift ON + YOLOv8n CPU (COCO),62.690087000000005,751.2237310002092,813.9138180002092
179,Drift ON + YOLOv8n CPU (COCO),62.696405,662.3810149976634,725.0774199976635
180,Drift ON + YOLOv8n CPU (COCO),62.801234,700.9049859989318,763.7062199989318
181,Drift ON + YOLOv8n CPU (COCO),62.829196,646.628115006024,709.457311006024
182,Drift ON + YOLOv8n CPU (COCO),62.997266999999994,590.9155039989855,653.9127709989855
183,Drift ON + YOLOv8n CPU (COCO),63.019715000000005,707.9742190035176,770.9939340035177
184,Drift ON + YOLOv8n CPU (COCO),63.02499,708.1272340001306,771.1522240001306
185,Drift ON + YOLOv8n CPU (COCO),63.026734,659.4879219992436,722.5146559992436
186,Drift ON + YOLOv8n CPU (COCO),63.081421,613.715350998973,676.796771998973
187,Drift ON + YOLOv8n CPU (COCO),63.175081999999996,600.3277150011854,663.5027970011854
188,Drift ON + YOLOv8n CPU (COCO),63.179106,589.5855810013018,652.7646870013018
189,Drift ON + YOLOv8n CPU (COCO),63.263103,562.268920999486,625.532023999486
190,Drift ON + YOLOv8n CPU (COCO),63.379765000000006,707.9849020010442,771.3646670010443
191,Drift ON + YOLOv8n CPU (COCO),63.380337999999995,814.0234609963954,877.4037989963954
192,Drift ON + YOLOv8n CPU (COCO),63.413084,658.3534180026618,721.7665020026618
193,Drift ON + YOLOv8n CPU (COCO),63.57227999999999,586.0587869974552,649.6310669974552
194,Drift ON + YOLOv8n CPU (COCO),63.576415,560.2574280055705,623.8338430055705
195,Drift ON + YOLOv8n CPU (COCO),63.67785500000001,566.5938340025605,630.2716890025605
196,Drift ON + YOLOv8n CPU (COCO),63.69720399999999,576.8354829997406,640.5326869997406
197,Drift ON + YOLOv8n CPU (COCO),63.710578000000005,632.8486959973816,696.5592739973816
198,Drift ON + YOLOv8n CPU (COCO),63.777283000000004,769.8771309951553,833.6544139951553
199,Drift ON + YOLOv8n CPU (COCO),63.86248,712.4118549982086,776.2743349982086
200,Drift ON + YOLOv8n CPU (COCO),63.901998,558.0464490049053,621.9484470049053
201,Drift ON + YOLOv8n CPU (COCO),63.912466,581.6738779976731,645.5863439976731
202,Drift ON + YOLOv8n CPU (COCO),64.053908,590.9017119993223,654.9556199993223
203,Drift ON + YOLOv8n CPU (COCO),64.25947699999999,570.7335560000502,634.9930330000501
204,Drift ON + YOLOv8n CPU (COCO),64.294755,579.6322410024004,643.9269960024004
205,Drift ON + YOLOv8n CPU (COCO),64.31914900000001,720.2979869980481,784.6171359980482
206,Drift ON + YOLOv8n CPU (COCO),64.360902,718.3036130008986,782.6645150008986
207,Drift ON + YOLOv8n CPU (COCO),64.369015,647.5927819992648,711.9617969992648
208,Drift ON + YOLOv8n CPU (COCO),64.386494,556.9639120003558,621.3504060003557
209,Drift ON + YOLOv8n CPU (COCO),64.416438,549.6588150053867,614.0752530053867
210,Drift ON + YOLOv8n CPU (COCO),64.44199400000001,591.5953029980301,656.0372969980301
211,Drift ON + YOLOv8n CPU (COCO),64.562768,571.554832997208,636.117600997208
212,Drift ON + YOLOv8n CPU (COCO),64.630181,603.4603549996973,668.0905359996973
213,Drift ON + YOLOv8n CPU (COCO),64.692102,764.4492479957989,829.1413499957989
214,Drift ON + YOLOv8n CPU (COCO),64.696163,792.8013410055428,857.4975040055427
215,Drift ON + YOLOv8n CPU (COCO),64.696163,567.4761920017772,632.1723550017772
216,Drift ON + YOLOv8n CPU (COCO),64.787306,550.1194110038341,614.906717003834
217,Drift ON + YOLOv8n CPU (COCO),64.880379,583.1546720000915,648.0350510000915
218,Drift ON + YOLOv8n CPU (COCO),64.890139,582.7057069982402,647.5958459982402
219,Drift ON + YOLOv8n CPU (COCO),65.089099,604.1246520035202,669.2137510035202
220,Drift ON + YOLOv8n CPU (COCO),65.217502,754.4603339993046,819.6778359993045
221,Drift ON + YOLOv8n CPU (COCO),65.316133,764.3045170043479,829.6206500043479
222,Drift ON + YOLOv8n CPU (COCO),65.33296399999999,600.2571440039901,665.59010800399
223,Drift ON + YOLOv8n CPU (COCO),65.406784,573.2034699976793,638.6102539976794
224,Drift ON + YOLOv8n CPU (COCO),65.425821,591.852582001593,657.278403001593
225,Drift ON + YOLOv8n CPU (COCO),65.496765,569.7522990012658,635.2490640012658
226,Drift ON + YOLOv8n CPU (COCO),65.523043,568.3967980003217,633.9198410003218
227,Drift ON + YOLOv8n CPU (COCO),65.55535599999999,693.3505670021987,758.9059230021986
228,Drift ON + YOLOv8n CPU (COCO),65.571003,763.3255129985628,828.8965159985628
229,Drift ON + YOLOv8n CPU (COCO),65.580003,688.4861330036074,754.0661360036074
230,Drift ON + YOLOv8n CPU (COCO),65.66561,592.8442900039954,658.5099000039954
231,Drift ON + YOLOv8n CPU (COCO),65.67435,568.833913996059,634.508263996059
232,Drift ON + YOLOv8n CPU (COCO),65.693758,514.89383399894,580.58759199894
233,Drift ON + YOLOv8n CPU (COCO),65.96759,555.0628729979508,621.0304629979507
234,Drift ON + YOLOv8n CPU (COCO),66.01283,583.9873350050766,650.0001650050766
235,Drift ON + YOLOv8n CPU (COCO),66.133626,709.964821995527,776.0984479955271
236,Drift ON + YOLOv8n CPU (COCO),66.21045600000001,710.8915049975622,777.1019609975622
237,Drift ON + YOLOv8n CPU (COCO),66.237979,596.6400870020152,662.8780660020152
238,Drift ON + YOLOv8n CPU (COCO),66.257603,585.5982330031111,651.8558360031111
239,Drift ON + YOLOv8n CPU (COCO),66.266589,549.1063580047921,615.3729470047921
240,Drift ON + YOLOv8n CPU (COCO),66.270865,573.8434320010128,640.1142970010128
241,Drift ON + YOLOv8n CPU (COCO),66.27655,589.4833929996821,655.7599429996822
242,Drift ON + YOLOv8n CPU (COCO),66.31175400000001,692.5650049961405,758.8767589961406
243,Drift ON + YOLOv8n CPU (COCO),66.364214,772.8222270015976,839.1864410015976
244,Drift ON + YOLOv8n CPU (COCO),66.364601,678.5012589971302,744.8658599971302
245,Drift ON + YOLOv8n CPU (COCO),66.38986600000001,569.3376039998839,635.7274699998839
246,Drift ON + YOLOv8n CPU (COCO),66.429712,589.3155300000217,655.7452420000217
247,Drift ON + YOLOv8n CPU (COCO),66.53669500000001,553.7453409997397,620.2820359997397
248,Drift ON + YOLOv8n CPU (COCO),66.581085,542.1424510059296,608.7235360059296
249,Drift ON + YOLOv8n CPU (COCO),66.608474,546.3144109962741,612.9228849962741
250,Drift ON + YOLOv8n CPU (COCO),66.629007,668.2248349970905,734.8538419970905
251,Drift ON + YOLOv8n CPU (COCO),66.684455,684.0674990016851,750.751954001685
252,Drift ON + YOLOv8n CPU (COCO),66.751324,598.1562739980291,664.907597998029
253,Drift ON + YOLOv8n CPU (COCO),66.878378,528.5403840025538,595.4187620025538
254,Drift ON + YOLOv8n CPU (COCO),66.898897,535.4926789950696,602.3915759950696
255,Drift ON + YOLOv8n CPU (COCO),66.934817,651.5272300021024,718.4620470021024
256,Drift ON + YOLOv8n CPU (COCO),66.967212,546.2499530040077,613.2171650040077
257,Drift ON + YOLOv8n CPU (COCO),67.107096,517.7867089951178,584.8938049951178
258,Drift ON + YOLOv8n CPU (COCO),67.14096699999999,785.4047190048732,852.5456860048732
259,Drift ON + YOLOv8n CPU (COCO),67.26104,706.5411630028393,773.8022030028393
260,Drift ON + YOLOv8n CPU (COCO),67.390189,539.178405997518,606.568594997518
261,Drift ON + YOLOv8n CPU (COCO),67.45737,536.7580889942474,604.2154589942473
262,Drift ON + YOLOv8n CPU (COCO),67.49707500000001,542.157549993135,609.654624993135
263,Drift ON + YOLOv8n CPU (COCO),67.66229899999999,514.575845998479,582.238144998479
264,Drift ON + YOLOv8n CPU (COCO),67.685127,529.1592879948439,596.8444149948439
265,Drift ON + YOLOv8n CPU (COCO),67.727461,546.5015260051587,614.2289870051586
266,Drift ON + YOLOv8n CPU (COCO),67.753553,690.2827759986394,758.0363289986394
267,Drift ON + YOLOv8n CPU (COCO),67.754962,669.6239590019104,737.3789210019104
268,Drift ON + YOLOv8n CPU (COCO),68.021677,535.359891000553,603.381568000553
269,Drift ON + YOLOv8n CPU (COCO),68.197198,532.0447420017445,600.2419400017444
270,Drift ON + YOLOv8n CPU (COCO),68.236455,513.2275180003489,581.4639730003489
271,Drift ON + YOLOv8n CPU (COCO),68.281248,496.7382220056607,565.0194700056607
272,Drift ON + YOLOv8n CPU (COCO),68.286397,526.5629580026143,594.8493550026143
273,Drift ON + YOLOv8n CPU (COCO),68.645284,521.7635329972836,590.4088169972836
274,Drift ON + YOLOv8n CPU (COCO),68.73962999999999,687.9922179941786,756.7318479941787
275,Drift ON + YOLOv8n CPU (COCO),68.80383900000001,716.5626770001836,785.3665160001837
276,Drift ON + YOLOv8n CPU (COCO),68.813875,574.8384469989105,643.6523219989106
277,Drift ON + YOLOv8n CPU (COCO),68.95789500000001,548.6846130006597,617.6425080006597
278,Drift ON + YOLOv8n CPU (COCO),69.138169,554.0968889981741,623.2350579981742
279,Drift ON + YOLOv8n CPU (COCO),69.213152,523.6315750007634,592.8447270007634
280,Drift ON + YOLOv8n CPU (COCO),69.457591,526.0336110004573,595.4912020004573
281,Drift ON + YOLOv8n CPU (COCO),69.82529199999999,510.40909199946327,580.2343839994633
282,Drift ON + YOLOv8n CPU (COCO),69.876179,690.5848469978082,760.4610259978082
283,Drift ON + YOLOv8n CPU (COCO),69.90665899999999,653.2732380001107,723.1798970001107
284,Drift ON + YOLOv8n CPU (COCO),69.970362,630.399588997534,700.369950997534
285,Drift ON + YOLOv8n CPU (COCO),69.986805,572.7653349968023,642.7521399968023
286,Drift ON + YOLOv8n CPU (COCO),70.037618,573.3651670016116,643.4027850016115
287,Drift ON + YOLOv8n CPU (COCO),70.139602,579.3925519974437,649.5321539974436
288,Drift ON + YOLOv8n CPU (COCO),70.22046999999999,590.3827530055423,660.6032230055423
289,Drift ON + YOLOv8n CPU (COCO),70.274152,611.1522110004444,681.4263630004443
290,Drift ON + YOLOv8n CPU (COCO),70.33447199999999,748.76776200108,819.10223400108
291,Drift ON + YOLOv8n CPU (COCO),70.42000399999999,685.4076949966839,755.8276989966838
292,Drift ON + YOLOv8n CPU (COCO),70.462152,525.5805310007418,596.0426830007418
293,Drift ON + YOLOv8n CPU (COCO),70.500746,540.5156940032612,611.0164400032612
294,Drift ON + YOLOv8n CPU (COCO),70.542395,548.2032470026752,618.7456420026751
295,Drift ON + YOLOv8n CPU (COCO),70.617132,537.6904680015286,608.3076000015286
296,Drift ON + YOLOv8n CPU (COCO),70.712559,527.986024004349,598.6985830043491
297,Drift ON + YOLOv8n CPU (COCO),70.725314,580.4663460003212,651.1916600003212
298,Drift ON + YOLOv8n CPU (COCO),70.726395,721.4535419989261,792.1799369989261
299,Drift ON + YOLOv8n CPU (COCO),70.76302199999999,695.4142109971144,766.1772329971144
300,Drift ON + YOLOv8n CPU (COCO),70.831127,566.7248219979228,637.5559489979229
301,Drift ON + YOLOv8n CPU (COCO),70.85117000000001,591.7965580010787,662.6477280010787
302,Drift ON + YOLOv8n CPU (COCO),71.02668299999999,499.032536004961,570.059219004961
303,Drift ON + YOLOv8n CPU (COCO),71.053773,608.7289939969196,679.7827669969196
304,Drift ON + YOLOv8n CPU (COCO),71.085684,589.999052004714,661.084736004714
305,Drift ON + YOLOv8n CPU (COCO),71.08927499999999,782.7296589966863,853.8189339966864
306,Drift ON + YOLOv8n CPU (COCO),71.21779000000001,753.1127170004766,824.3305070004766
307,Drift ON + YOLOv8n CPU (COCO),71.27659,630.37331400119,701.64990400119
308,Drift ON + YOLOv8n CPU (COCO),71.423702,582.2054510063026,653.6291530063027
309,Drift ON + YOLOv8n CPU (COCO),71.47599000000001,568.0389519984601,639.5149419984601
310,Drift ON + YOLOv8n CPU (COCO),71.515732,569.5049869973445,641.0207189973445
311,Drift ON + YOLOv8n CPU (COCO),71.571767,572.6981689949753,644.2699359949753
312,Drift ON + YOLOv8n CPU (COCO),71.619749,707.9257110017352,779.5454600017351
313,Drift ON + YOLOv8n CPU (COCO),71.678586,723.2170010029222,794.8955870029222
314,Drift ON + YOLOv8n CPU (COCO),71.715638,730.0651440018555,801.7807820018555
315,Drift ON + YOLOv8n CPU (COCO),71.80596899999999,587.7755269975751,659.5814959975751
316,Drift ON + YOLOv8n CPU (COCO),71.90148500000001,531.6270570037887,603.5285420037886
317,Drift ON + YOLOv8n CPU (COCO),72.348818,568.6503239994636,640.9991419994635
318,Drift ON + YOLOv8n CPU (COCO),72.457835,587.3200030036969,659.777838003697
319,Drift ON + YOLOv8n CPU (COCO),72.513781,588.9699250037665,661.4837060037665
320,Drift ON + YOLOv8n CPU (COCO),72.554335,758.1977329973597,830.7520679973597
321,Drift ON + YOLOv8n CPU (COCO),72.706684,717.4380919968826,790.1447759968826
322,Drift ON + YOLOv8n CPU (COCO),72.791755,609.2017100017983,681.9934650017983
323,Drift ON + YOLOv8n CPU (COCO),72.936147,566.040477999195,638.976624999195
324,Drift ON + YOLOv8n CPU (COCO),73.110849,585.6857309991028,658.7965799991028
325,Drift ON + YOLOv8n CPU (COCO),73.16212399999999,584.9840619994211,658.146185999421
326,Drift ON + YOLOv8n CPU (COCO),73.227182,549.382199998945,622.609381998945
327,Drift ON + YOLOv8n CPU (COCO),73.266588,660.0280179991387,733.2946059991386
328,Drift ON + YOLOv8n CPU (COCO),73.27275,743.1588809995446,816.4316309995446
329,Drift ON + YOLOv8n CPU (COCO),73.352732,710.4950540015125,783.8477860015125
330,Drift ON + YOLOv8n CPU (COCO),73.40516099999999,584.8181609981111,658.2233219981111
331,Drift ON + YOLOv8n CPU (COCO),73.501475,573.6454780053464,647.1469530053464
332,Drift ON + YOLOv8n CPU (COCO),73.743261,577.6355310008512,651.3787920008511
333,Drift ON + YOLOv8n CPU (COCO),73.830299,577.1121209982084,650.9424199982084
334,Drift ON + YOLOv8n CPU (COCO),74.01002199999999,599.1569649995654,673.1669869995653
335,Drift ON + YOLOv8n CPU (COCO),74.039355,758.4247639970272,832.4641189970272
336,Drift ON + YOLOv8n CPU (COCO),74.04535299999999,762.0254450011998,836.0707980011998
337,Drift ON + YOLOv8n CPU (COCO),74.363261,581.8196659965906,656.1829269965906
338,Drift ON + YOLOv8n CPU (COCO),74.365482,579.3198690007557,653.6853510007558
339,Drift ON + YOLOv8n CPU (COCO),74.44343,567.5449080008548,641.9883380008548
340,Drift ON + YOLOv8n CPU (COCO),74.510515,576.6406080001616,651.1511230001615
341,Drift ON + YOLOv8n CPU (COCO),74.55192500000001,587.2433969998383,661.7953219998383
342,Drift ON + YOLOv8n CPU (COCO),74.591458,727.7495520029333,802.3410100029333
343,Drift ON + YOLOv8n CPU (COCO),74.59522,712.8619249997428,787.4571449997428
344,Drift ON + YOLOv8n CPU (COCO),74.769013,662.4169939968851,737.1860069968851
345,Drift ON + YOLOv8n CPU (COCO),74.936956,575.7418369976222,650.6787929976222
346,Drift ON + YOLOv8n CPU (COCO),75.034514,586.8872209975962,661.9217349975961
347,Drift ON + YOLOv8n CPU (COCO),75.071715,592.9749190036091,668.0466340036091
348,Drift ON + YOLOv8n CPU (COCO),75.086601,571.5058329951717,646.5924339951716
349,Drift ON + YOLOv8n CPU (COCO),75.160526,651.1092840009951,726.2698100009951
350,Drift ON + YOLOv8n CPU (COCO),75.179622,705.0747059984133,780.2543279984133
351,Drift ON + YOLOv8n CPU (COCO),75.239398,733.7222290007048,808.9616270007048
352,Drift ON + YOLOv8n CPU (COCO),75.249843,633.0310060002375,708.2808490002376
353,Drift ON + YOLOv8n CPU (COCO),75.272672,583.0062070017448,658.2788790017448
354,Drift ON + YOLOv8n CPU (COCO),75.45128500000001,539.0735740002128,614.5248590002128
355,Drift ON + YOLOv8n CPU (COCO),75.67576299999999,582.620647001022,658.296410001022
356,Drift ON + YOLOv8n CPU (COCO),75.938985,561.7228759947466,637.6618609947466
357,Drift ON + YOLOv8n CPU (COCO),76.062635,778.5935670035542,854.6562020035542
358,Drift ON + YOLOv8n CPU (COCO),76.093368,728.3236570001463,804.4170250001464
359,Drift ON + YOLOv8n CPU (COCO),76.17283599999999,622.0245669974247,698.1974029974247
360,Drift ON + YOLOv8n CPU (COCO),76.425552,578.628638999362,655.054190999362
361,Drift ON + YOLOv8n CPU (COCO),76.43198199999999,572.3668229984469,648.7988049984468
362,Drift ON + YOLOv8n CPU (COCO),76.494291,571.1564530065516,647.6507440065516
363,Drift ON + YOLOv8n CPU (COCO),76.59968,569.6433580014855,646.2430380014855
364,Drift ON + YOLOv8n CPU (COCO),76.723121,627.816943997459,704.540064997459
365,Drift ON + YOLOv8n CPU (COCO),76.797105,749.1746870000497,825.9717920000497
366,Drift ON + YOLOv8n CPU (COCO),77.057101,788.1322230023216,865.1893240023215
367,Drift ON + YOLOv8n CPU (COCO),77.186413,576.8056610031636,653.9920740031636
368,Drift ON + YOLOv8n CPU (COCO),77.27706400000001,550.2242650036351,627.5013290036351
369,Drift ON + YOLOv8n CPU (COCO),77.299245,524.6490509962314,601.9482959962314
370,Drift ON + YOLOv8n CPU (COCO),77.39589400000001,496.36596900381846,573.7618630038185
371,Drift ON + YOLOv8n CPU (COCO),77.750258,551.7092019945267,629.4594599945267
372,Drift ON + YOLOv8n CPU (COCO),77.910885,636.7632190012955,714.6741040012955
373,Drift ON + YOLOv8n CPU (COCO),78.01148300000001,701.5394300033222,779.5509130033222
374,Drift ON + YOLOv8n CPU (COCO),78.12303299999999,628.0494219972752,706.1724549972752
375,Drift ON + YOLOv8n CPU (COCO),78.235179,531.397464001202,609.632643001202
376,Drift ON + YOLOv8n CPU (COCO),78.414232,542.5515690003522,620.9658010003521
377,Drift ON + YOLOv8n CPU (COCO),78.446381,539.6492720028618,618.0956530028618
378,Drift ON + YOLOv8n CPU (COCO),78.546919,545.1436760049546,623.6905950049546
379,Drift ON + YOLOv8n CPU (COCO),78.84574699999999,549.9540770033491,628.799824003349
380,Drift ON + YOLOv8n CPU (COCO),78.88273099999999,598.3356840006309,677.2184150006309
381,Drift ON + YOLOv8n CPU (COCO),79.018801,644.5257340019452,723.5445350019452
382,Drift ON + YOLOv8n CPU (COCO),79.057261,634.4648660015082,713.5221270015082
383,Drift ON + YOLOv8n CPU (COCO),79.060726,529.2887670002528,608.3494930002529
384,Drift ON + YOLOv8n CPU (COCO),79.106636,573.1288909955765,652.2355269955765
385,Drift ON + YOLOv8n CPU (COCO),79.25694399999999,541.3235720043303,620.5805160043303
386,Drift ON + YOLOv8n CPU (COCO),79.299703,543.9093649983988,623.2090679983988
387,Drift ON + YOLOv8n CPU (COCO),79.351634,537.5186999954167,616.8703339954167
388,Drift ON + YOLOv8n CPU (COCO),79.574756,686.8002170012915,766.3749730012914
389,Drift ON + YOLOv8n CPU (COCO),79.60455900000001,682.5046610028949,762.1092200028949
390,Drift ON + YOLOv8n CPU (COCO),79.678521,572.6326209987747,652.3111419987747
391,Drift ON + YOLOv8n CPU (COCO),79.733908,549.0097239962779,628.7436319962779
392,Drift ON + YOLOv8n CPU (COCO),79.782389,499.72904400056,579.51143300056
393,Drift ON + YOLOv8n CPU (COCO),79.786353,547.3026109975763,627.0889639975762
394,Drift ON + YOLOv8n CPU (COCO),79.89062399999999,530.9589140015305,610.8495380015305
395,Drift ON + YOLOv8n CPU (COCO),79.932198,540.3119449983933,620.2441429983933
396,Drift ON + YOLOv8n CPU (COCO),80.067605,589.3136389931897,669.3812439931896
397,Drift ON + YOLOv8n CPU (COCO),80.086254,653.6515490006423,733.7378030006423
398,Drift ON + YOLOv8n CPU (COCO),80.110811,626.7891349998536,706.8999459998536
399,Drift ON + YOLOv8n CPU (COCO),80.137327,527.8754250030033,608.0127520030034
400,Drift ON + YOLOv8n CPU (COCO),80.23603299999999,520.8805759975803,601.1166089975803
401,Drift ON + YOLOv8n CPU (COCO),80.433011,532.4694199953228,612.9024309953228
402,Drift ON + YOLOv8n CPU (COCO),80.495268,531.0999940047623,611.5952620047623
403,Drift ON + YOLOv8n CPU (COCO),80.58925,538.9219499993487,619.5111999993487
404,Drift ON + YOLOv8n CPU (COCO),80.947451,599.6334349983954,680.5808859983954
405,Drift ON + YOLOv8n CPU (COCO),81.02443099999999,668.4928210015642,749.5172520015642
406,Drift ON + YOLOv8n CPU (COCO),81.063464,636.6933359968243,717.7567999968243
407,Drift ON + YOLOv8n CPU (COCO),81.42281299999999,546.050736993493,627.4735499934931
408,Drift ON + YOLOv8n CPU (COCO),81.486575,663.2221309992019,744.7087059992019
409,Drift ON + YOLOv8n CPU (COCO),81.501834,555.2432100012084,636.7450440012084
410,Drift ON + YOLOv8n CPU (COCO),81.675015,561.7697589987074,643.4447739987074
411,Drift ON + YOLOv8n CPU (COCO),81.733547,539.2696030030493,621.0031500030493
412,Drift ON + YOLOv8n CPU (COCO),81.762478,637.5277139959508,719.2901919959507
413,Drift ON + YOLOv8n CPU (COCO),81.79123700000001,732.5533229959547,814.3445599959547
414,Drift ON + YOLOv8n CPU (COCO),81.842922,614.6746650047135,696.5175870047135
415,Drift ON + YOLOv8n CPU (COCO),81.877194,534.773748004227,616.650942004227
416,Drift ON + YOLOv8n CPU (COCO),81.992328,514.6743679943029,596.6666959943029
417,Drift ON + YOLOv8n CPU (COCO),82.03735900000001,536.7613540001912,618.7987130001912
418,Drift ON + YOLOv8n CPU (COCO),82.060121,536.4348889997927,618.4950099997927
419,Drift ON + YOLOv8n CPU (COCO),82.193956,537.6982029993087,619.8921589993087
420,Drift ON + YOLOv8n CPU (COCO),82.382284,642.0736569998553,724.4559409998553
421,Drift ON + YOLOv8n CPU (COCO),82.43563800000001,703.0453230036073,785.4809610036074
422,Drift ON + YOLOv8n CPU (COCO),82.586803,629.4754210030078,712.0622240030078
423,Drift ON + YOLOv8n CPU (COCO),82.756095,525.3768320035306,608.1329270035305
424,Drift ON + YOLOv8n CPU (COCO),82.836024,519.0525750003872,601.8885990003871
425,Drift ON + YOLOv8n CPU (COCO),82.84983799999999,537.7092290000292,620.5590670000291
426,Drift ON + YOLOv8n CPU (COCO),82.944334,538.6254499971983,621.5697839971983
427,Drift ON + YOLOv8n CPU (COCO),82.975313,511.9002419960452,594.8755549960453
428,Drift ON + YOLOv8n CPU (COCO),83.22829800000001,600.1462600033847,683.3745580033847
429,Drift ON + YOLOv8n CPU (COCO),83.299793,713.8313360046595,797.1311290046596
430,Drift ON + YOLOv8n CPU (COCO),83.340406,658.7320159960655,742.0724219960655
431,Drift ON + YOLOv8n CPU (COCO),83.597958,552.8253949960344,636.4233529960345
432,Drift ON + YOLOv8n CPU (COCO),83.608903,542.9628080019029,626.5717110019029
433,Drift ON + YOLOv8n CPU (COCO),83.648548,550.0698370015016,633.7183850015016
434,Drift ON + YOLOv8n CPU (COCO),83.867215,549.6665230020881,633.5337380020881
435,Drift ON + YOLOv8n CPU (COCO),83.87123000000001,563.1270669982769,646.9982969982768
436,Drift ON + YOLOv8n CPU (COCO),84.00510299999999,676.54938200576,760.55448500576
437,Drift ON + YOLOv8n CPU (COCO),84.105782,728.595642001892,812.701424001892
438,Drift ON + YOLOv8n CPU (COCO),84.16131899999999,610.1892899969243,694.3506089969244
439,Drift ON + YOLOv8n CPU (COCO),84.28706199999999,539.3690199998673,623.6560819998673
440,Drift ON + YOLOv8n CPU (COCO),84.54489,512.6293880020967,597.1742780020967
441,Drift ON + YOLOv8n CPU (COCO),84.58215,533.3495029990445,617.9316529990444
442,Drift ON + YOLOv8n CPU (COCO),84.78659400000001,506.87416700384347,591.6607610038435
443,Drift ON + YOLOv8n CPU (COCO),84.813461,537.9789780054125,622.7924390054125
444,Drift ON + YOLOv8n CPU (COCO),84.93875700000001,624.5562350013643,709.4949920013643
445,Drift ON + YOLOv8n CPU (COCO),84.941663,689.0933370013954,774.0350000013955
446,Drift ON + YOLOv8n CPU (COCO),85.145593,640.2437560027465,725.3893490027465
447,Drift ON + YOLOv8n CPU (COCO),85.167348,525.9391279978445,611.1064759978444
448,Drift ON + YOLOv8n CPU (COCO),85.493363,539.4112089998089,624.9045719998089
449,Drift ON + YOLOv8n CPU (COCO),85.494064,532.9282129969215,618.4222769969215
450,Drift ON + YOLOv8n CPU (COCO),85.57230200000001,542.1414259981248,627.7137279981248
451,Drift ON + YOLOv8n CPU (COCO),85.70112300000001,531.5381740001612,617.2392970001613
452,Drift ON + YOLOv8n CPU (COCO),85.747413,721.1580600051093,806.9054730051093
453,Drift ON + YOLOv8n CPU (COCO),86.394504,656.4913609981886,742.8858649981886
454,Drift ON + YOLOv8n CPU (COCO),86.410984,614.9259439989692,701.3369279989691
455,Drift ON + YOLOv8n CPU (COCO),86.566649,547.3124330019346,633.8790820019345
456,Drift ON + YOLOv8n CPU (COCO),86.979493,507.8712559989072,594.8507489989072
457,Drift ON + YOLOv8n CPU (COCO),87.087452,531.629848999728,618.717300999728
458,Drift ON + YOLOv8n CPU (COCO),87.31827100000001,555.8459230014705,643.1641940014705
459,Drift ON + YOLOv8n CPU (COCO),87.76766799999999,528.0833300057566,615.8509980057565
460,Drift ON + YOLOv8n CPU (COCO),88.035762,629.1521270031808,717.1878890031808
461,Drift ON + YOLOv8n CPU (COCO),88.16906100000001,683.018160998472,771.1872219984721
462,Drift ON + YOLOv8n CPU (COCO),88.70016,666.1909670001478,754.8911270001478
463,Drift ON + YOLOv8n CPU (COCO),89.061469,514.1819999989821,603.243468998982
464,Drift ON + YOLOv8n CPU (COCO),89.365654,546.6954939984134,636.0611479984134
465,Drift ON + YOLOv8n CPU (COCO),89.457601,522.4824530014303,611.9400540014302
466,Drift ON + YOLOv8n CPU (COCO),89.518987,503.96433800051454,593.4833250005146
467,Drift ON + YOLOv8n CPU (COCO),89.594685,519.5285270019667,609.1232120019667
468,Drift ON + YOLOv8n CPU (COCO),89.70058,584.3583499954548,674.0589299954547
469,Drift ON + YOLOv8n CPU (COCO),89.964777,729.0308149968041,818.9955919968041
470,Drift ON + YOLOv8n CPU (COCO),90.041593,711.5323059988441,801.5738989988441
471,Drift ON + YOLOv8n CPU (COCO),90.10166699999999,576.4895530010108,666.5912200010108
472,Drift ON + YOLOv8n CPU (COCO),90.38572,558.303824000177,648.689544000177
473,Drift ON + YOLOv8n CPU (COCO),90.483308,574.3030150042614,664.7863230042614
474,Drift ON + YOLOv8n CPU (COCO),90.83395499999999,569.1244980043848,659.9584530043848
475,Drift ON + YOLOv8n CPU (COCO),91.374747,571.4534390062909,662.8281860062908
476,Drift ON + YOLOv8n CPU (COCO),92.12160899999999,668.2403649974731,760.3619739974731
477,Drift ON + YOLOv8n CPU (COCO),92.128769,690.7157340028789,782.8445030028789
478,Drift ON + YOLOv8n CPU (COCO),92.554525,645.9726169996429,738.5271419996429
479,Drift ON + YOLOv8n CPU (COCO),92.571527,533.353425002133,625.9249520021331
480,Drift ON + YOLOv8n CPU (COCO),92.828952,533.2294409963652,626.0583929963651
481,Drift ON + YOLOv8n CPU (COCO),92.840299,527.0340570059489,619.8743560059488
482,Drift ON + YOLOv8n CPU (COCO),92.852712,544.0170600049896,636.8697720049896
483,Drift ON + YOLOv8n CPU (COCO),92.898004,554.5092169995769,647.4072209995769
484,Drift ON + YOLOv8n CPU (COCO),92.969723,632.7360439972836,725.7057669972836
485,Drift ON + YOLOv8n CPU (COCO),93.316205,764.3725309972069,857.6887359972069
486,Drift ON + YOLOv8n CPU (COCO),93.366444,596.9286969993846,690.2951409993846
487,Drift ON + YOLOv8n CPU (COCO),93.62611199999999,540.9786470045219,634.604759004522
488,Drift ON + YOLOv8n CPU (COCO),93.72457100000001,508.41519000096014,602.1397610009601
489,Drift ON + YOLOv8n CPU (COCO),94.204031,536.7048510015593,630.9088820015593
490,Drift ON + YOLOv8n CPU (COCO),94.32578799999999,535.0098510025418,629.3356390025418
491,Drift ON + YOLOv8n CPU (COCO),94.483025,565.3043820057064,659.7874070057064
492,Drift ON + YOLOv8n CPU (COCO),94.60254,670.3218880065833,764.9244280065833
493,Drift ON + YOLOv8n CPU (COCO),95.06933400000001,714.4440909978584,809.5134249978585
494,Drift ON + YOLOv8n CPU (COCO),95.33935000000001,610.4865800007246,705.8259300007246
495,Drift ON + YOLOv8n CPU (COCO),96.28270599999999,545.5763530044351,641.859059004435
496,Drift ON + YOLOv8n CPU (COCO),96.735336,498.0117240047548,594.7470600047548
497,Drift ON + YOLOv8n CPU (COCO),96.789554,546.611016994575,643.400570994575
498,Drift ON + YOLOv8n CPU (COCO),98.085098,534.8744509974495,632.9595489974495
499,Drift ON + YOLOv8n CPU (COCO),98.346412,556.8358390009962,655.1822510009962
500,Drift ON + YOLOv8n CPU (COCO),98.531999,623.8953189968015,722.4273179968015
501,Drift ON + YOLOv8n CPU (COCO),99.10138,700.7189750001999,799.8203550001999
502,Drift ON + YOLOv8n CPU (COCO),99.236459,611.7570649948902,710.9935239948902
503,Drift ON + YOLOv8n CPU (COCO),100.16127700000001,542.5081030043657,642.6693800043657
504,Drift ON + YOLOv8n CPU (COCO),100.322962,534.4095710024703,634.7325330024703
505,Drift ON + YOLOv8n CPU (COCO),100.563847,534.304347995203,634.868194995203
506,Drift ON + YOLOv8n CPU (COCO),102.23851400000001,501.6657819942338,603.9042959942337
507,Drift ON + YOLOv8n CPU (COCO),103.311211,531.5983469990897,634.9095579990897
508,Drift ON + YOLOv8n CPU (COCO),103.539206,666.2225469990517,769.7617529990517
509,Drift ON + YOLOv8n CPU (COCO),103.938609,686.0764900047798,790.0150990047798
510,Drift ON + YOLOv8n CPU (COCO),104.29745899999999,654.5652560016606,758.8627150016606
511,Drift ON + YOLOv8n CPU (COCO),104.61182099999999,630.8997570013162,735.5115780013161
512,Drift ON + YOLOv8n CPU (COCO),105.66186900000001,582.0577029953711,687.7195719953711
513,Drift ON + YOLOv8n CPU (COCO),106.177494,576.0705950015108,682.2480890015108
514,Drift ON + YOLOv8n CPU (COCO),106.20679,581.5150339985848,687.7218239985848
515,Drift ON + YOLOv8n CPU (COCO),108.346917,669.553141000506,777.900058000506
516,Drift ON + YOLOv8n CPU (COCO),108.678691,748.0074410050292,856.6861320050292
517,Drift ON + YOLOv8n CPU (COCO),108.757667,694.7984299986274,803.5560969986274
518,Drift ON + YOLOv8n CPU (COCO),108.873226,580.1816940002027,689.0549200002027
519,Drift ON + YOLOv8n CPU (COCO),108.901478,587.9568710006424,696.8583490006424
520,Drift ON + YOLOv8n CPU (COCO),109.831214,564.8050570016494,674.6362710016494
521,Drift ON + YOLOv8n CPU (COCO),111.13783000000001,570.8864580010413,682.0242880010413
522,Drift ON + YOLOv8n CPU (COCO),112.168431,602.6805760047864,714.8490070047865
523,Drift ON + YOLOv8n CPU (COCO),112.970792,751.5592190029565,864.5300110029565
524,Drift ON + YOLOv8n CPU (COCO),112.97281100000001,768.0848680029158,881.0576790029157
525,Drift ON + YOLOv8n CPU (COCO),113.151804,639.0817409992451,752.233544999245
526,Drift ON + YOLOv8n CPU (COCO),113.464393,803.6878679995425,917.1522609995425
527,Drift ON + YOLOv8n CPU (COCO),114.002317,592.1275009968667,706.1298179968667
528,Drift ON + YOLOv8n CPU (COCO),114.163205,562.1700449992204,676.3332499992205
529,Drift ON + YOLOv8n CPU (COCO),114.247501,605.9152450034162,720.1627460034163
530,Drift ON + YOLOv8n CPU (COCO),114.391923,726.9318180042319,841.3237410042319
531,Drift ON + YOLOv8n CPU (COCO),116.648972,758.524971002771,875.173943002771
532,Drift ON + YOLOv8n CPU (COCO),117.329799,593.6654729957809,710.9952719957809
533,Drift ON + YOLOv8n CPU (COCO),119.756013,578.2555030018557,698.0115160018556
534,Drift ON + YOLOv8n CPU (COCO),122.890644,587.5085119987489,710.3991559987488
535,Drift ON + YOLOv8n CPU (COCO),124.317519,579.0912960001151,703.408815000115
536,Drift ON + YOLOv8n CPU (COCO),124.785662,586.673065998184,711.458727998184
537,Drift ON + YOLOv8n CPU (COCO),127.59241499999999,696.0816660066484,823.6740810066484
538,Drift ON + YOLOv8n CPU (COCO),127.825186,753.8236269974732,881.6488129974732
539,Drift ON + YOLOv8n CPU (COCO),127.87757799999999,656.1858280037995,784.0634060037995
540,Drift ON + YOLOv8n CPU (COCO),128.63559999999998,586.1399849964073,714.7755849964072
541,Drift ON + YOLOv8n CPU (COCO),130.80087300000002,556.27743700461,687.07831000461
542,Drift ON + YOLOv8n CPU (COCO),131.622076,572.798827997758,704.420903997758
543,Drift ON + YOLOv8n CPU (COCO),132.339895,572.6601600035792,705.0000550035793
544,Drift ON + YOLOv8n CPU (COCO),132.639691,620.971593001741,753.611284001741
545,Drift ON + YOLOv8n CPU (COCO),133.505106,697.6361479974003,831.1412539974003
546,Drift ON + YOLOv8n CPU (COCO),135.652691,733.5802969973884,869.2329879973884
547,Drift ON + YOLOv8n CPU (COCO),137.923464,574.5840210001916,712.5074850001915
548,Drift ON + YOLOv8n CPU (COCO),142.578155,578.9177190017654,721.4958740017654
549,Drift ON + YOLOv8n CPU (COCO),143.87363200000001,587.554393998289,731.4280259982891
550,Drift ON + YOLOv8n CPU (COCO),146.18730499999998,576.5586260022246,722.7459310022246
551,Drift ON + YOLOv8n CPU (COCO),146.636888,551.9973530026618,698.6342410026618
552,Drift ON + YOLOv8n CPU (COCO),148.26950399999998,697.2843570038094,845.5538610038094
553,Drift ON + YOLOv8n CPU (COCO),149.26897,725.3183829961927,874.5873529961926
554,Drift ON + YOLOv8n CPU (COCO),152.706683,662.1189799989224,814.8256629989224
555,Drift ON + YOLOv8n CPU (COCO),158.10215499999998,584.3451830005506,742.4473380005506
556,Drift ON + YOLOv8n CPU (COCO),158.928081,576.5100420030649,735.4381230030649
557,Drift ON + YOLOv8n CPU (COCO),159.459516,578.6576320024324,738.1171480024324
558,Drift ON + YOLOv8n CPU (COCO),160.972834,577.7386670015403,738.7115010015403
559,Drift ON + YOLOv8n CPU (COCO),167.181537,595.4833529976895,762.6648899976894
560,Drift ON + YOLOv8n CPU (COCO),169.250339,777.0855030030361,946.3358420030361
561,Drift ON + YOLOv8n CPU (COCO),170.528203,735.9356150045642,906.4638180045641
562,Drift ON + YOLOv8n CPU (COCO),173.659652,577.5082350010052,751.1678870010053
563,Drift ON + YOLOv8n CPU (COCO),183.609813,573.30470099987,756.91451399987
564,Drift ON + YOLOv8n CPU (COCO),189.414918,582.2123010002542,771.6272190002542
565,Drift ON + YOLOv8n CPU (COCO),202.071443,587.130702995637,789.202145995637
566,Drift ON + YOLOv8n CPU (COCO),217.435032,561.8487440005993,779.2837760005992
567,Drift ON + YOLOv8n CPU (COCO),218.336955,697.2748099942692,915.6117649942692
568,Drift ON + YOLOv8n CPU (COCO),218.41923899999998,755.628358994727,974.047597994727
569,Drift ON + YOLOv8n CPU (COCO),219.51735,629.4154669958516,848.9328169958516
570,Drift ON + YOLOv8n CPU (COCO),221.582994,550.2224360025139,771.8054300025138
571,Drift ON + YOLOv8n CPU (COCO),228.13513899999998,539.7636300040176,767.8987690040176
572,Drift ON + YOLOv8n CPU (COCO),233.663753,585.3077299980214,818.9714829980214
0,Drift ON + YOLOv8n Hailo (COCO),38.460586,13.545852998504415,52.006438998504414
1,Drift ON + YOLOv8n Hailo (COCO),42.661101,16.131652999320067,58.79275399932007
2,Drift ON + YOLOv8n Hailo (COCO),43.686345,18.45897099701688,62.14531599701688
3,Drift ON + YOLOv8n Hailo (COCO),44.188768,16.437931000837125,60.62669900083713
4,Drift ON + YOLOv8n Hailo (COCO),44.201857999999994,17.309673006820958,61.51153100682095
5,Drift ON + YOLOv8n Hailo (COCO),45.193627,21.47416100342525,66.66778800342524
6,Drift ON + YOLOv8n Hailo (COCO),45.473181000000004,16.530228000192437,62.00340900019244
7,Drift ON + YOLOv8n Hailo (COCO),46.454206,15.386318998935169,61.840524998935166
8,Drift ON + YOLOv8n Hailo (COCO),47.493752,19.67630699800793,67.17005899800793
9,Drift ON + YOLOv8n Hailo (COCO),47.970042,17.261913999391254,65.23195599939126
10,Drift ON + YOLOv8n Hailo (COCO),48.044488,13.374148998991586,61.41863699899159
11,Drift ON + YOLOv8n Hailo (COCO),48.35476,18.768804999126587,67.12356499912659
12,Drift ON + YOLOv8n Hailo (COCO),48.833068,14.453131996560842,63.28619999656084
13,Drift ON + YOLOv8n Hailo (COCO),49.786635000000004,16.686820999893826,66.47345599989383
14,Drift ON + YOLOv8n Hailo (COCO),49.858373,13.460094000038223,63.318467000038225
15,Drift ON + YOLOv8n Hailo (COCO),49.965873,18.60236000356963,68.56823300356963
16,Drift ON + YOLOv8n Hailo (COCO),50.326682999999996,17.17122900299728,67.49791200299728
17,Drift ON + YOLOv8n Hailo (COCO),50.458662000000004,15.52083699789364,65.97949899789364
18,Drift ON + YOLOv8n Hailo (COCO),50.50412600000001,19.95236199581996,70.45648799581997
19,Drift ON + YOLOv8n Hailo (COCO),50.56081,16.92761700542178,67.48842700542178
20,Drift ON + YOLOv8n Hailo (COCO),51.140785,15.453429994522594,66.59421499452259
21,Drift ON + YOLOv8n Hailo (COCO),51.274896,17.761395996785723,69.03629199678572
22,Drift ON + YOLOv8n Hailo (COCO),51.306415,18.9989720020094,70.3053870020094
23,Drift ON + YOLOv8n Hailo (COCO),51.445077999999995,13.962354001705537,65.40743200170553
24,Drift ON + YOLOv8n Hailo (COCO),51.653374,14.999020997493062,66.65239499749306
25,Drift ON + YOLOv8n Hailo (COCO),52.235238,14.158019999740644,66.39325799974064
26,Drift ON + YOLOv8n Hailo (COCO),52.576195,16.831617002026178,69.40781200202618
27,Drift ON + YOLOv8n Hailo (COCO),52.799456,13.313333998667076,66.11278999866707
28,Drift ON + YOLOv8n Hailo (COCO),52.960913999999995,17.124468999099918,70.08538299909992
29,Drift ON + YOLOv8n Hailo (COCO),53.071931,16.613487001450267,69.68541800145027
30,Drift ON + YOLOv8n Hailo (COCO),53.136636,18.080897003528666,71.21753300352867
31,Drift ON + YOLOv8n Hailo (COCO),53.320706,17.38610000029439,70.70680600029439
32,Drift ON + YOLOv8n Hailo (COCO),53.559501000000004,17.56808099889895,71.12758199889896
33,Drift ON + YOLOv8n Hailo (COCO),53.63537,16.75081999565009,70.38618999565008
34,Drift ON + YOLOv8n Hailo (COCO),53.663187,14.26792799611576,67.93111499611577
35,Drift ON + YOLOv8n Hailo (COCO),53.776554999999995,15.862540996749884,69.63909599674987
36,Drift ON + YOLOv8n Hailo (COCO),53.910628,18.78326800215291,72.69389600215291
37,Drift ON + YOLOv8n Hailo (COCO),54.191642,16.36519000021508,70.55683200021508
38,Drift ON + YOLOv8n Hailo (COCO),54.249752,14.860039998893626,69.10979199889363
39,Drift ON + YOLOv8n Hailo (COCO),54.507341000000004,15.306929002690596,69.8142700026906
40,Drift ON + YOLOv8n Hailo (COCO),54.545026,16.220615994825494,70.7656419948255
41,Drift ON + YOLOv8n Hailo (COCO),54.597676,15.532689001702238,70.13036500170224
42,Drift ON + YOLOv8n Hailo (COCO),54.788931999999996,15.584485001454595,70.37341700145458
43,Drift ON + YOLOv8n Hailo (COCO),55.051837,16.623969000647776,71.67580600064778
44,Drift ON + YOLOv8n Hailo (COCO),55.111151,15.545262998784892,70.6564139987849
45,Drift ON + YOLOv8n Hailo (COCO),55.113133000000005,17.788600001949817,72.90173300194982
46,Drift ON + YOLOv8n Hailo (COCO),55.176411,18.63128599507036,73.80769699507036
47,Drift ON + YOLOv8n Hailo (COCO),55.235426999999994,15.295263001462445,70.53069000146243
48,Drift ON + YOLOv8n Hailo (COCO),55.325056999999994,20.80032599769765,76.12538299769764
49,Drift ON + YOLOv8n Hailo (COCO),55.34035,18.149581999750808,73.48993199975081
50,Drift ON + YOLOv8n Hailo (COCO),55.364482,15.7359670047299,71.10044900472991
51,Drift ON + YOLOv8n Hailo (COCO),55.436704000000006,14.004112999828068,69.44081699982807
52,Drift ON + YOLOv8n Hailo (COCO),55.461738,14.173761999700218,69.63549999970022
53,Drift ON + YOLOv8n Hailo (COCO),55.479128,15.47183700313326,70.95096500313326
54,Drift ON + YOLOv8n Hailo (COCO),55.519126,16.489820001879707,72.0089460018797
55,Drift ON + YOLOv8n Hailo (COCO),55.543292,18.69621199875837,74.23950399875837
56,Drift ON + YOLOv8n Hailo (COCO),55.614329999999995,13.798724001389928,69.41305400138992
57,Drift ON + YOLOv8n Hailo (COCO),55.709884,14.995855002780443,70.70573900278045
58,Drift ON + YOLOv8n Hailo (COCO),55.928271,17.244877002667636,73.17314800266763
59,Drift ON + YOLOv8n Hailo (COCO),56.021623,14.245835001929663,70.26745800192967
60,Drift ON + YOLOv8n Hailo (COCO),56.069382000000004,13.7361500019324,69.8055320019324
61,Drift ON + YOLOv8n Hailo (COCO),56.166418,16.424876004748512,72.5912940047485
62,Drift ON + YOLOv8n Hailo (COCO),56.190047,17.235062005056534,73.42510900505653
63,Drift ON + YOLOv8n Hailo (COCO),56.319397,12.721610997687094,69.0410079976871
64,Drift ON + YOLOv8n Hailo (COCO),56.380488,15.31794799666386,71.69843599666386
65,Drift ON + YOLOv8n Hailo (COCO),56.397934,17.017988000588957,73.41592200058895
66,Drift ON + YOLOv8n Hailo (COCO),56.443228999999995,14.91955899837194,71.36278799837194
67,Drift ON + YOLOv8n Hailo (COCO),56.556527,17.576395999640226,74.13292299964023
68,Drift ON + YOLOv8n Hailo (COCO),56.80719,16.063486000348348,72.87067600034834
69,Drift ON + YOLOv8n Hailo (COCO),56.822058,16.602061004959978,73.42411900495998
70,Drift ON + YOLOv8n Hailo (COCO),56.841243,14.004741999087855,70.84598499908785
71,Drift ON + YOLOv8n Hailo (COCO),56.849096,15.476207001484,72.325303001484
72,Drift ON + YOLOv8n Hailo (COCO),56.989278999999996,19.95043599890778,76.93971499890777
73,Drift ON + YOLOv8n Hailo (COCO),57.223145,13.372167995839844,70.59531299583985
74,Drift ON + YOLOv8n Hailo (COCO),57.3732,17.123875994002447,74.49707599400244
75,Drift ON + YOLOv8n Hailo (COCO),57.442293,15.049224995891564,72.49151799589157
76,Drift ON + YOLOv8n Hailo (COCO),57.52033,13.713111999095418,71.23344199909542
77,Drift ON + YOLOv8n Hailo (COCO),57.656273,17.90952499868581,75.56579799868581
78,Drift ON + YOLOv8n Hailo (COCO),57.70503,13.821168002323247,71.52619800232324
79,Drift ON + YOLOv8n Hailo (COCO),57.707142000000005,16.04117100214353,73.74831300214353
80,Drift ON + YOLOv8n Hailo (COCO),57.7734,17.07376600097632,74.84716600097633
81,Drift ON + YOLOv8n Hailo (COCO),57.793122000000004,14.842984004644675,72.63610600464467
82,Drift ON + YOLOv8n Hailo (COCO),58.157694,15.205393006908707,73.3630870069087
83,Drift ON + YOLOv8n Hailo (COCO),58.171581,14.198798999132125,72.37037999913213
84,Drift ON + YOLOv8n Hailo (COCO),58.224712,18.64398999896366,76.86870199896366
85,Drift ON + YOLOv8n Hailo (COCO),58.238655,14.307464996818451,72.54611999681845
86,Drift ON + YOLOv8n Hailo (COCO),58.284931,20.18095499806805,78.46588599806805
87,Drift ON + YOLOv8n Hailo (COCO),58.307134,15.426688994921278,73.73382299492127
88,Drift ON + YOLOv8n Hailo (COCO),58.315523,16.357005006284453,74.67252800628445
89,Drift ON + YOLOv8n Hailo (COCO),58.337245,16.049837999162264,74.38708299916226
90,Drift ON + YOLOv8n Hailo (COCO),58.337856,18.675860002986155,77.01371600298616
91,Drift ON + YOLOv8n Hailo (COCO),58.44754,18.42271100031212,76.87025100031212
92,Drift ON + YOLOv8n Hailo (COCO),58.52152,16.305709003063384,74.8272290030634
93,Drift ON + YOLOv8n Hailo (COCO),58.547243,14.188465000188444,72.73570800018845
94,Drift ON + YOLOv8n Hailo (COCO),58.552597,17.69734000117751,76.2499370011775
95,Drift ON + YOLOv8n Hailo (COCO),58.574613,35.17218100023456,93.74679400023456
96,Drift ON + YOLOv8n Hailo (COCO),58.628112,39.42900099355029,98.05711299355029
97,Drift ON + YOLOv8n Hailo (COCO),58.701336,28.36722599749919,87.06856199749919
98,Drift ON + YOLOv8n Hailo (COCO),58.810946,24.713610000617336,83.52455600061734
99,Drift ON + YOLOv8n Hailo (COCO),58.812093000000004,17.24900599947432,76.06109899947432
100,Drift ON + YOLOv8n Hailo (COCO),58.814868,24.510942996130325,83.32581099613031
101,Drift ON + YOLOv8n Hailo (COCO),58.841757,16.412504999607336,75.25426199960734
102,Drift ON + YOLOv8n Hailo (COCO),58.917832000000004,16.119337997224648,75.03716999722465
103,Drift ON + YOLOv8n Hailo (COCO),58.938351,17.559357998834457,76.49770899883445
104,Drift ON + YOLOv8n Hailo (COCO),58.976516,18.06228500208817,77.03880100208816
105,Drift ON + YOLOv8n Hailo (COCO),58.990963,16.003318996808957,74.99428199680895
106,Drift ON + YOLOv8n Hailo (COCO),59.045702,19.748231999983545,78.79393399998355
107,Drift ON + YOLOv8n Hailo (COCO),59.103053,17.25574699958088,76.35879999958088
108,Drift ON + YOLOv8n Hailo (COCO),59.253308999999994,16.976412996882573,76.22972199688257
109,Drift ON + YOLOv8n Hailo (COCO),59.308715,24.154719001671765,83.46343400167177
110,Drift ON + YOLOv8n Hailo (COCO),59.396252,29.598284003441226,88.99453600344123
111,Drift ON + YOLOv8n Hailo (COCO),59.439734,30.101803000434305,89.5415370004343
112,Drift ON + YOLOv8n Hailo (COCO),59.465624,37.349794001784176,96.81541800178417
113,Drift ON + YOLOv8n Hailo (COCO),59.561271,29.988506001245696,89.5497770012457
114,Drift ON + YOLOv8n Hailo (COCO),59.592638,35.981847999210004,95.57448599921
115,Drift ON + YOLOv8n Hailo (COCO),59.601138999999996,17.032839001331013,76.633978001331
116,Drift ON + YOLOv8n Hailo (COCO),59.62503,17.804711002099793,77.4297410020998
117,Drift ON + YOLOv8n Hailo (COCO),59.681252,17.485766002209857,77.16701800220986
118,Drift ON + YOLOv8n Hailo (COCO),59.691194,18.15887800330529,77.85007200330529
119,Drift ON + YOLOv8n Hailo (COCO),59.70712,16.036410997912753,75.74353099791276
120,Drift ON + YOLOv8n Hailo (COCO),59.755158,19.42771299945889,79.18287099945888
121,Drift ON + YOLOv8n Hailo (COCO),59.761766,18.41386000160128,78.17562600160127
122,Drift ON + YOLOv8n Hailo (COCO),59.769489,16.214912000577897,75.98440100057789
123,Drift ON + YOLOv8n Hailo (COCO),59.809305,21.75967899529496,81.56898399529496
124,Drift ON + YOLOv8n Hailo (COCO),59.815545,16.601023002294824,76.41656800229482
125,Drift ON + YOLOv8n Hailo (COCO),59.847008,17.04906100349035,76.89606900349035
126,Drift ON + YOLOv8n Hailo (COCO),59.863265999999996,16.50006000272697,76.36332600272696
127,Drift ON + YOLOv8n Hailo (COCO),59.865709,18.597044996568,78.462753996568
128,Drift ON + YOLOv8n Hailo (COCO),59.911653,14.626076001150068,74.53772900115007
129,Drift ON + YOLOv8n Hailo (COCO),59.978969,16.539060001377948,76.51802900137795
130,Drift ON + YOLOv8n Hailo (COCO),60.090523,17.54074700147612,77.63127000147611
131,Drift ON + YOLOv8n Hailo (COCO),60.122781,16.246485996816773,76.36926699681678
132,Drift ON + YOLOv8n Hailo (COCO),60.146671,19.27130500553176,79.41797600553176
133,Drift ON + YOLOv8n Hailo (COCO),60.183633,15.944688995659815,76.12832199565982
134,Drift ON + YOLOv8n Hailo (COCO),60.294893,17.352618000586517,77.64751100058652
135,Drift ON + YOLOv8n Hailo (COCO),60.314614000000006,21.167047998460475,81.48166199846048
136,Drift ON + YOLOv8n Hailo (COCO),60.319781000000006,17.179080001369584,77.49886100136959
137,Drift ON + YOLOv8n Hailo (COCO),60.375406999999996,17.5512100031483,77.9266170031483
138,Drift ON + YOLOv8n Hailo (COCO),60.380872000000004,16.875356996024493,77.2562289960245
139,Drift ON + YOLOv8n Hailo (COCO),60.430873000000005,20.73938099783845,81.17025399783846
140,Drift ON + YOLOv8n Hailo (COCO),60.481649,21.60267800354632,82.08432700354632
141,Drift ON + YOLOv8n Hailo (COCO),60.542684,18.70761899772333,79.25030299772334
142,Drift ON + YOLOv8n Hailo (COCO),60.762886,16.068949000327848,76.83183500032786
143,Drift ON + YOLOv8n Hailo (COCO),60.765054,14.653614001872484,75.41866800187248
144,Drift ON + YOLOv8n Hailo (COCO),60.865663,17.39261699549388,78.25827999549388
145,Drift ON + YOLOv8n Hailo (COCO),60.899235000000004,14.679816995339934,75.57905199533994
146,Drift ON + YOLOv8n Hailo (COCO),60.95653,15.006132001872174,75.96266200187218
147,Drift ON + YOLOv8n Hailo (COCO),61.069384,13.077037001494318,74.14642100149432
148,Drift ON + YOLOv8n Hailo (COCO),61.097272000000004,14.791391004109755,75.88866300410976
149,Drift ON + YOLOv8n Hailo (COCO),61.242808000000004,13.46253799420083,74.70534599420083
150,Drift ON + YOLOv8n Hailo (COCO),61.260287,14.427946000068914,75.68823300006892
151,Drift ON + YOLOv8n Hailo (COCO),61.29612,18.133266996301245,79.42938699630125
152,Drift ON + YOLOv8n Hailo (COCO),61.30384299999999,14.853353997750672,76.15719699775066
153,Drift ON + YOLOv8n Hailo (COCO),61.392415,14.78372499695979,76.17613999695979
154,Drift ON + YOLOv8n Hailo (COCO),61.442897,14.96181800030172,76.40471500030172
155,Drift ON + YOLOv8n Hailo (COCO),61.452284000000006,12.702220999926794,74.1545049999268
156,Drift ON + YOLOv8n Hailo (COCO),61.466232000000005,14.517279996653087,75.98351199665309
157,Drift ON + YOLOv8n Hailo (COCO),61.476823,17.81832199776545,79.29514499776545
158,Drift ON + YOLOv8n Hailo (COCO),61.505713,15.256133003276773,76.76184600327677
159,Drift ON + YOLOv8n Hailo (COCO),61.532822,14.359242995851671,75.89206499585167
160,Drift ON + YOLOv8n Hailo (COCO),61.593268,14.346834999741986,75.94010299974198
161,Drift ON + YOLOv8n Hailo (COCO),61.59512,15.386521998152602,76.98164199815261
162,Drift ON + YOLOv8n Hailo (COCO),61.607711,17.086284002289176,78.69399500228917
163,Drift ON + YOLOv8n Hailo (COCO),61.636801999999996,16.732967997086234,78.36976999708622
164,Drift ON + YOLOv8n Hailo (COCO),61.698969,13.083648002066184,74.78261700206619
165,Drift ON + YOLOv8n Hailo (COCO),61.710339000000005,14.953577003325336,76.66391600332534
166,Drift ON + YOLOv8n Hailo (COCO),61.717339,13.09336999838706,74.81070899838706
167,Drift ON + YOLOv8n Hailo (COCO),62.134631000000006,12.257479997060727,74.39211099706074
168,Drift ON + YOLOv8n Hailo (COCO),62.139966,14.65491000271868,76.79487600271868
169,Drift ON + YOLOv8n Hailo (COCO),62.204,15.799207001691684,78.00320700169169
170,Drift ON + YOLOv8n Hailo (COCO),62.225629,16.145708003023174,78.37133700302317
171,Drift ON + YOLOv8n Hailo (COCO),62.244794999999996,14.1814640010125,76.4262590010125
172,Drift ON + YOLOv8n Hailo (COCO),62.350295,15.327150998928118,77.67744599892812
173,Drift ON + YOLOv8n Hailo (COCO),62.367793,16.711894000764005,79.07968700076401
174,Drift ON + YOLOv8n Hailo (COCO),62.401998999999996,12.746184998832176,75.14818399883217
175,Drift ON + YOLOv8n Hailo (COCO),62.51283000000001,15.84354100486962,78.35637100486963
176,Drift ON + YOLOv8n Hailo (COCO),62.665640999999994,15.293003001715988,77.95864400171598
177,Drift ON + YOLOv8n Hailo (COCO),62.665679000000004,12.91520399536239,75.5808829953624
178,Drift ON + YOLOv8n Hailo (COCO),62.690087000000005,14.615002000937238,77.30508900093724
179,Drift ON + YOLOv8n Hailo (COCO),62.696405,14.878631998726632,77.57503699872663
180,Drift ON + YOLOv8n Hailo (COCO),62.801234,14.731556999322493,77.53279099932249
181,Drift ON + YOLOv8n Hailo (COCO),62.829196,15.366002997325268,78.19519899732526
182,Drift ON + YOLOv8n Hailo (COCO),62.997266999999994,16.884524004126433,79.88179100412643
183,Drift ON + YOLOv8n Hailo (COCO),63.019715000000005,15.161633004026951,78.18134800402696
184,Drift ON + YOLOv8n Hailo (COCO),63.02499,15.706170997873414,78.73116099787342
185,Drift ON + YOLOv8n Hailo (COCO),63.026734,17.293561999395024,80.32029599939503
186,Drift ON + YOLOv8n Hailo (COCO),63.081421,17.207764998602215,80.28918599860222
187,Drift ON + YOLOv8n Hailo (COCO),63.175081999999996,14.144241999019869,77.31932399901987
188,Drift ON + YOLOv8n Hailo (COCO),63.179106,15.758503002871294,78.93760900287128
189,Drift ON + YOLOv8n Hailo (COCO),63.263103,15.030743001261726,78.29384600126173
190,Drift ON + YOLOv8n Hailo (COCO),63.379765000000006,14.433575997827576,77.81334099782758
191,Drift ON + YOLOv8n Hailo (COCO),63.380337999999995,14.899595000315458,78.27993300031545
192,Drift ON + YOLOv8n Hailo (COCO),63.413084,13.892482995288448,77.30556699528844
193,Drift ON + YOLOv8n Hailo (COCO),63.57227999999999,16.051744001742918,79.62402400174291
194,Drift ON + YOLOv8n Hailo (COCO),63.576415,15.07124400086468,78.64765900086468
195,Drift ON + YOLOv8n Hailo (COCO),63.67785500000001,16.671356999722775,80.34921199972278
196,Drift ON + YOLOv8n Hailo (COCO),63.69720399999999,14.572817002772354,78.27002100277235
197,Drift ON + YOLOv8n Hailo (COCO),63.710578000000005,15.3342990015517,79.04487700155171
198,Drift ON + YOLOv8n Hailo (COCO),63.777283000000004,15.05407700460637,78.83136000460638
199,Drift ON + YOLOv8n Hailo (COCO),63.86248,14.38500199583359,78.2474819958336
200,Drift ON + YOLOv8n Hailo (COCO),63.901998,13.572853000368925,77.47485100036893
201,Drift ON + YOLOv8n Hailo (COCO),63.912466,15.359706994786391,79.27217299478639
202,Drift ON + YOLOv8n Hailo (COCO),64.053908,15.243466004903894,79.2973740049039
203,Drift ON + YOLOv8n Hailo (COCO),64.25947699999999,17.361969003104605,81.6214460031046
204,Drift ON + YOLOv8n Hailo (COCO),64.294755,16.696448998118285,80.99120399811828
205,Drift ON + YOLOv8n Hailo (COCO),64.31914900000001,17.47417300066445,81.79332200066446
206,Drift ON + YOLOv8n Hailo (COCO),64.360902,17.2990610008128,81.6599630008128
207,Drift ON + YOLOv8n Hailo (COCO),64.369015,15.30718799767783,79.67620299767783
208,Drift ON + YOLOv8n Hailo (COCO),64.386494,16.79183899977943,81.17833299977943
209,Drift ON + YOLOv8n Hailo (COCO),64.416438,14.73024299775716,79.14668099775716
210,Drift ON + YOLOv8n Hailo (COCO),64.44199400000001,14.20502000109991,78.64701400109992
211,Drift ON + YOLOv8n Hailo (COCO),64.562768,17.610080001759343,82.17284800175935
212,Drift ON + YOLOv8n Hailo (COCO),64.630181,18.40128499316052,83.03146599316051
213,Drift ON + YOLOv8n Hailo (COCO),64.692102,13.522130000637844,78.21423200063785
214,Drift ON + YOLOv8n Hailo (COCO),64.696163,15.164169002673589,79.86033200267359
215,Drift ON + YOLOv8n Hailo (COCO),64.696163,12.891833001049235,77.58799600104923
216,Drift ON + YOLOv8n Hailo (COCO),64.787306,13.83531600004062,78.62262200004062
217,Drift ON + YOLOv8n Hailo (COCO),64.880379,15.89342900115298,80.77380800115299
218,Drift ON + YOLOv8n Hailo (COCO),64.890139,14.992132004408631,79.88227100440864
219,Drift ON + YOLOv8n Hailo (COCO),65.089099,18.547526000475045,83.63662500047505
220,Drift ON + YOLOv8n Hailo (COCO),65.217502,12.963148001290392,78.18065000129039
221,Drift ON + YOLOv8n Hailo (COCO),65.316133,14.286612000432797,79.60274500043279
222,Drift ON + YOLOv8n Hailo (COCO),65.33296399999999,13.5355009988416,78.86846499884159
223,Drift ON + YOLOv8n Hailo (COCO),65.406784,15.844262998143677,81.25104699814368
224,Drift ON + YOLOv8n Hailo (COCO),65.425821,15.41381800052477,80.83963900052477
225,Drift ON + YOLOv8n Hailo (COCO),65.496765,24.83923800173216,90.33600300173215
226,Drift ON + YOLOv8n Hailo (COCO),65.523043,34.18801099905977,99.71105399905977
227,Drift ON + YOLOv8n Hailo (COCO),65.55535599999999,25.38497999921674,90.94033599921673
228,Drift ON + YOLOv8n Hailo (COCO),65.571003,24.12296000693459,89.6939630069346
229,Drift ON + YOLOv8n Hailo (COCO),65.580003,16.776578995632008,82.35658199563201
230,Drift ON + YOLOv8n Hailo (COCO),65.66561,15.860744002566207,81.52635400256621
231,Drift ON + YOLOv8n Hailo (COCO),65.67435,15.372909998404792,81.0472599984048
232,Drift ON + YOLOv8n Hailo (COCO),65.693758,15.46167000196874,81.15542800196874
233,Drift ON + YOLOv8n Hailo (COCO),65.96759,16.023873999074567,81.99146399907457
234,Drift ON + YOLOv8n Hailo (COCO),66.01283,12.70794399897568,78.72077399897567
235,Drift ON + YOLOv8n Hailo (COCO),66.133626,14.19879699824378,80.33242299824379
236,Drift ON + YOLOv8n Hailo (COCO),66.21045600000001,14.033833998837508,80.24428999883752
237,Drift ON + YOLOv8n Hailo (COCO),66.237979,13.108759005262982,79.34673800526298
238,Drift ON + YOLOv8n Hailo (COCO),66.257603,20.105194998905063,86.36279799890507
239,Drift ON + YOLOv8n Hailo (COCO),66.266589,16.71900399378501,82.985592993785
240,Drift ON + YOLOv8n Hailo (COCO),66.270865,17.240209002920892,83.51107400292089
241,Drift ON + YOLOv8n Hailo (COCO),66.27655,17.375228002492804,83.6517780024928
242,Drift ON + YOLOv8n Hailo (COCO),66.31175400000001,17.29837600578321,83.61013000578322
243,Drift ON + YOLOv8n Hailo (COCO),66.364214,14.698168000904843,81.06238200090485
244,Drift ON + YOLOv8n Hailo (COCO),66.364601,14.27507599873934,80.63967699873933
245,Drift ON + YOLOv8n Hailo (COCO),66.38986600000001,14.66440899821464,81.05427499821465
246,Drift ON + YOLOv8n Hailo (COCO),66.429712,16.38217099389294,82.81188299389294
247,Drift ON + YOLOv8n Hailo (COCO),66.53669500000001,16.077225998742506,82.61392099874251
248,Drift ON + YOLOv8n Hailo (COCO),66.581085,14.64537200081395,81.22645700081395
249,Drift ON + YOLOv8n Hailo (COCO),66.608474,14.733743002580011,81.34221700258001
250,Drift ON + YOLOv8n Hailo (COCO),66.629007,14.384242000232916,81.01324900023292
251,Drift ON + YOLOv8n Hailo (COCO),66.684455,14.734650001628324,81.41910500162832
252,Drift ON + YOLOv8n Hailo (COCO),66.751324,14.46637199842371,81.21769599842371
253,Drift ON + YOLOv8n Hailo (COCO),66.878378,13.665667000168469,80.54404500016847
254,Drift ON + YOLOv8n Hailo (COCO),66.898897,16.068799995991867,82.96769699599187
255,Drift ON + YOLOv8n Hailo (COCO),66.934817,17.275728001550306,84.2105450015503
256,Drift ON + YOLOv8n Hailo (COCO),66.967212,15.75979900371749,82.7270110037175
257,Drift ON + YOLOv8n Hailo (COCO),67.107096,17.821191999246366,84.92828799924636
258,Drift ON + YOLOv8n Hailo (COCO),67.14096699999999,14.257871996960604,81.39883899696059
259,Drift ON + YOLOv8n Hailo (COCO),67.26104,12.957202998222783,80.21824299822278
260,Drift ON + YOLOv8n Hailo (COCO),67.390189,16.512596994289197,83.9027859942892
261,Drift ON + YOLOv8n Hailo (COCO),67.45737,14.717206002387684,82.17457600238768
262,Drift ON + YOLOv8n Hailo (COCO),67.49707500000001,13.574148004408926,81.07122300440894
263,Drift ON + YOLOv8n Hailo (COCO),67.66229899999999,17.03646900568856,84.69876800568855
264,Drift ON + YOLOv8n Hailo (COCO),67.685127,14.408112998353316,82.09323999835331
265,Drift ON + YOLOv8n Hailo (COCO),67.727461,16.387226998631377,84.11468799863138
266,Drift ON + YOLOv8n Hailo (COCO),67.753553,16.36498600419145,84.11853900419145
267,Drift ON + YOLOv8n Hailo (COCO),67.754962,17.892746996949427,85.64770899694943
268,Drift ON + YOLOv8n Hailo (COCO),68.021677,19.271248995210044,87.29292599521004
269,Drift ON + YOLOv8n Hailo (COCO),68.197198,16.168597001524176,84.36579500152418
270,Drift ON + YOLOv8n Hailo (COCO),68.236455,15.85696700203698,84.09342200203699
271,Drift ON + YOLOv8n Hailo (COCO),68.281248,16.344263996870723,84.62551199687073
272,Drift ON + YOLOv8n Hailo (COCO),68.286397,16.071799997007474,84.35819699700747
273,Drift ON + YOLOv8n Hailo (COCO),68.645284,16.06655999785289,84.7118439978529
274,Drift ON + YOLOv8n Hailo (COCO),68.73962999999999,23.58814400213305,92.32777400213304
275,Drift ON + YOLOv8n Hailo (COCO),68.80383900000001,20.40836100059096,89.21220000059097
276,Drift ON + YOLOv8n Hailo (COCO),68.813875,16.5633569995407,85.3772319995407
277,Drift ON + YOLOv8n Hailo (COCO),68.95789500000001,33.61599100026069,102.5738860002607
278,Drift ON + YOLOv8n Hailo (COCO),69.138169,18.810526002198458,87.94869500219846
279,Drift ON + YOLOv8n Hailo (COCO),69.213152,14.926130999810994,84.13928299981099
280,Drift ON + YOLOv8n Hailo (COCO),69.457591,17.984487996727694,87.44207899672769
281,Drift ON + YOLOv8n Hailo (COCO),69.82529199999999,15.85322600294603,85.67851800294602
282,Drift ON + YOLOv8n Hailo (COCO),69.876179,14.4240939989686,84.3002729989686
283,Drift ON + YOLOv8n Hailo (COCO),69.90665899999999,16.082337002444547,85.98899600244454
284,Drift ON + YOLOv8n Hailo (COCO),69.970362,18.77561800210969,88.74598000210969
285,Drift ON + YOLOv8n Hailo (COCO),69.986805,16.909894002310466,86.89669900231047
286,Drift ON + YOLOv8n Hailo (COCO),70.037618,17.14269099466037,87.18030899466036
287,Drift ON + YOLOv8n Hailo (COCO),70.139602,20.54256500559859,90.68216700559859
288,Drift ON + YOLOv8n Hailo (COCO),70.22046999999999,12.46812899626093,82.68859899626092
289,Drift ON + YOLOv8n Hailo (COCO),70.274152,13.631147994601632,83.90529999460163
290,Drift ON + YOLOv8n Hailo (COCO),70.33447199999999,14.359963999595491,84.69443599959548
291,Drift ON + YOLOv8n Hailo (COCO),70.42000399999999,15.349948000221048,85.76995200022104
292,Drift ON + YOLOv8n Hailo (COCO),70.462152,12.693499003944453,83.15565100394446
293,Drift ON + YOLOv8n Hailo (COCO),70.500746,18.0859510001028,88.5866970001028
294,Drift ON + YOLOv8n Hailo (COCO),70.542395,14.692983000713866,85.23537800071387
295,Drift ON + YOLOv8n Hailo (COCO),70.617132,16.46715300012147,87.08428500012147
296,Drift ON + YOLOv8n Hailo (COCO),70.712559,18.69576699391473,89.40832599391473
297,Drift ON + YOLOv8n Hailo (COCO),70.725314,16.337115004716907,87.0624290047169
298,Drift ON + YOLOv8n Hailo (COCO),70.726395,17.888413996843155,88.61480899684315
299,Drift ON + YOLOv8n Hailo (COCO),70.76302199999999,18.72158100013621,89.4846030001362
300,Drift ON + YOLOv8n Hailo (COCO),70.831127,18.677323001611512,89.50845000161151
301,Drift ON + YOLOv8n Hailo (COCO),70.85117000000001,17.66287599457428,88.51404599457429
302,Drift ON + YOLOv8n Hailo (COCO),71.02668299999999,17.445580000639893,88.47226300063988
303,Drift ON + YOLOv8n Hailo (COCO),71.053773,17.79411699681077,88.84788999681078
304,Drift ON + YOLOv8n Hailo (COCO),71.085684,17.85287600068841,88.93856000068841
305,Drift ON + YOLOv8n Hailo (COCO),71.08927499999999,12.66677699459251,83.7560519945925
306,Drift ON + YOLOv8n Hailo (COCO),71.21779000000001,14.413926997804085,85.63171699780409
307,Drift ON + YOLOv8n Hailo (COCO),71.27659,16.411819000495598,87.6884090004956
308,Drift ON + YOLOv8n Hailo (COCO),71.423702,15.316280994738918,86.73998299473892
309,Drift ON + YOLOv8n Hailo (COCO),71.47599000000001,19.77654599613743,91.25253599613744
310,Drift ON + YOLOv8n Hailo (COCO),71.515732,16.15791200310923,87.67364400310923
311,Drift ON + YOLOv8n Hailo (COCO),71.571767,16.30539200414205,87.87715900414204
312,Drift ON + YOLOv8n Hailo (COCO),71.619749,16.14796599460533,87.76771499460533
313,Drift ON + YOLOv8n Hailo (COCO),71.678586,14.267835002101492,85.94642100210149
314,Drift ON + YOLOv8n Hailo (COCO),71.715638,13.238943996839224,84.95458199683922
315,Drift ON + YOLOv8n Hailo (COCO),71.80596899999999,15.7815029961057,87.58747199610569
316,Drift ON + YOLOv8n Hailo (COCO),71.90148500000001,13.953296998806763,85.85478199880677
317,Drift ON + YOLOv8n Hailo (COCO),72.348818,13.693148001038937,86.04196600103893
318,Drift ON + YOLOv8n Hailo (COCO),72.457835,14.919187000487,87.377022000487
319,Drift ON + YOLOv8n Hailo (COCO),72.513781,14.666056995338296,87.17983799533829
320,Drift ON + YOLOv8n Hailo (COCO),72.554335,12.947777002409566,85.50211200240956
321,Drift ON + YOLOv8n Hailo (COCO),72.706684,16.751171002397314,89.45785500239731
322,Drift ON + YOLOv8n Hailo (COCO),72.791755,13.964352998300456,86.75610799830045
323,Drift ON + YOLOv8n Hailo (COCO),72.936147,14.226538005459588,87.1626850054596
324,Drift ON + YOLOv8n Hailo (COCO),73.110849,16.162782005267218,89.27363100526722
325,Drift ON + YOLOv8n Hailo (COCO),73.16212399999999,16.439744998933747,89.60186899893374
326,Drift ON + YOLOv8n Hailo (COCO),73.227182,15.24994699866511,88.47712899866511
327,Drift ON + YOLOv8n Hailo (COCO),73.266588,12.483887003327254,85.75047500332725
328,Drift ON + YOLOv8n Hailo (COCO),73.27275,15.803077003511136,89.07582700351114
329,Drift ON + YOLOv8n Hailo (COCO),73.352732,14.594464002584573,87.94719600258458
330,Drift ON + YOLOv8n Hailo (COCO),73.40516099999999,14.346946001751348,87.75210700175134
331,Drift ON + YOLOv8n Hailo (COCO),73.501475,12.746702996082604,86.2481779960826
332,Drift ON + YOLOv8n Hailo (COCO),73.743261,16.49131900194334,90.23458000194334
333,Drift ON + YOLOv8n Hailo (COCO),73.830299,14.733741998497862,88.56404099849786
334,Drift ON + YOLOv8n Hailo (COCO),74.01002199999999,16.56335600273451,90.5733780027345
335,Drift ON + YOLOv8n Hailo (COCO),74.039355,17.008634997182526,91.04798999718253
336,Drift ON + YOLOv8n Hailo (COCO),74.04535299999999,13.618536999274513,87.6638899992745
337,Drift ON + YOLOv8n Hailo (COCO),74.363261,12.316350002947727,86.67961100294772
338,Drift ON + YOLOv8n Hailo (COCO),74.365482,13.345926003239583,87.71140800323958
339,Drift ON + YOLOv8n Hailo (COCO),74.44343,15.066521002154332,89.50995100215434
340,Drift ON + YOLOv8n Hailo (COCO),74.510515,13.096388996928,87.606903996928
341,Drift ON + YOLOv8n Hailo (COCO),74.55192500000001,15.975595997588243,90.52752099758825
342,Drift ON + YOLOv8n Hailo (COCO),74.591458,15.170983999269083,89.76244199926909
343,Drift ON + YOLOv8n Hailo (COCO),74.59522,15.843021996261086,90.43824199626108
344,Drift ON + YOLOv8n Hailo (COCO),74.769013,16.613189000054263,91.38220200005426
345,Drift ON + YOLOv8n Hailo (COCO),74.936956,16.641652000544127,91.57860800054412
346,Drift ON + YOLOv8n Hailo (COCO),75.034514,16.759468002419453,91.79398200241945
347,Drift ON + YOLOv8n Hailo (COCO),75.071715,16.070521996880416,91.14223699688041
348,Drift ON + YOLOv8n Hailo (COCO),75.086601,13.397480994171929,88.48408199417193
349,Drift ON + YOLOv8n Hailo (COCO),75.160526,12.902740003482904,88.06326600348291
350,Drift ON + YOLOv8n Hailo (COCO),75.179622,15.49974400404608,90.67936600404607
351,Drift ON + YOLOv8n Hailo (COCO),75.239398,15.550058000371791,90.78945600037179
352,Drift ON + YOLOv8n Hailo (COCO),75.249843,13.57133399869781,88.82117699869781
353,Drift ON + YOLOv8n Hailo (COCO),75.272672,14.807742001721635,90.08041400172164
354,Drift ON + YOLOv8n Hailo (COCO),75.45128500000001,13.166184995498044,88.61746999549806
355,Drift ON + YOLOv8n Hailo (COCO),75.67576299999999,14.379150001332164,90.05491300133215
356,Drift ON + YOLOv8n Hailo (COCO),75.938985,16.757874996983446,92.69685999698345
357,Drift ON + YOLOv8n Hailo (COCO),76.062635,17.630006004765164,93.69264100476516
358,Drift ON + YOLOv8n Hailo (COCO),76.093368,17.10613400064176,93.19950200064176
359,Drift ON + YOLOv8n Hailo (COCO),76.17283599999999,16.31463400553912,92.48747000553911
360,Drift ON + YOLOv8n Hailo (COCO),76.425552,13.0714069964597,89.4969589964597
361,Drift ON + YOLOv8n Hailo (COCO),76.43198199999999,12.529498999356292,88.96148099935628
362,Drift ON + YOLOv8n Hailo (COCO),76.494291,13.734870997723192,90.2291619977232
363,Drift ON + YOLOv8n Hailo (COCO),76.59968,14.44018599431729,91.0398659943173
364,Drift ON + YOLOv8n Hailo (COCO),76.723121,15.03500200487906,91.75812300487907
365,Drift ON + YOLOv8n Hailo (COCO),76.797105,14.373926998814568,91.17103199881457
366,Drift ON + YOLOv8n Hailo (COCO),77.057101,14.122907996352296,91.1800089963523
367,Drift ON + YOLOv8n Hailo (COCO),77.186413,16.70957799797179,93.8959909979718
368,Drift ON + YOLOv8n Hailo (COCO),77.27706400000001,14.864816999761388,92.1418809997614
369,Drift ON + YOLOv8n Hailo (COCO),77.299245,15.696780996222516,92.99602599622251
370,Drift ON + YOLOv8n Hailo (COCO),77.39589400000001,18.25367299898062,95.64956699898063
371,Drift ON + YOLOv8n Hailo (COCO),77.750258,17.696894996333867,95.44715299633387
372,Drift ON + YOLOv8n Hailo (COCO),77.910885,13.84622300247429,91.75710800247428
373,Drift ON + YOLOv8n Hailo (COCO),78.01148300000001,12.954703001014424,90.96618600101444
374,Drift ON + YOLOv8n Hailo (COCO),78.12303299999999,16.827523002575617,94.95055600257561
375,Drift ON + YOLOv8n Hailo (COCO),78.235179,13.06790600210661,91.30308500210661
376,Drift ON + YOLOv8n Hailo (COCO),78.414232,14.243445002648514,92.65767700264851
377,Drift ON + YOLOv8n Hailo (COCO),78.446381,14.942261994292494,93.3886429942925
378,Drift ON + YOLOv8n Hailo (COCO),78.546919,14.418760998523794,92.9656799985238
379,Drift ON + YOLOv8n Hailo (COCO),78.84574699999999,15.90268899599323,94.74843599599322
380,Drift ON + YOLOv8n Hailo (COCO),78.88273099999999,16.22031899751164,95.10304999751163
381,Drift ON + YOLOv8n Hailo (COCO),79.018801,16.15526300156489,95.17406400156489
382,Drift ON + YOLOv8n Hailo (COCO),79.057261,16.35148599598324,95.40874699598324
383,Drift ON + YOLOv8n Hailo (COCO),79.060726,13.579926002421416,92.64065200242142
384,Drift ON + YOLOv8n Hailo (COCO),79.106636,13.471739999658894,92.57837599965889
385,Drift ON + YOLOv8n Hailo (COCO),79.25694399999999,13.56812900485238,92.82507300485237
386,Drift ON + YOLOv8n Hailo (COCO),79.299703,17.313246004050598,96.61294900405059
387,Drift ON + YOLOv8n Hailo (COCO),79.351634,14.97046500298893,94.32209900298894
388,Drift ON + YOLOv8n Hailo (COCO),79.574756,14.86461300373776,94.43936900373775
389,Drift ON + YOLOv8n Hailo (COCO),79.60455900000001,14.701389998663217,94.30594899866323
390,Drift ON + YOLOv8n Hailo (COCO),79.678521,15.003372995124664,94.68189399512467
391,Drift ON + YOLOv8n Hailo (COCO),79.733908,18.279228002938908,98.01313600293891
392,Drift ON + YOLOv8n Hailo (COCO),79.782389,15.465279997442847,95.24766899744284
393,Drift ON + YOLOv8n Hailo (COCO),79.786353,15.6467250053538,95.4330780053538
394,Drift ON + YOLOv8n Hailo (COCO),79.89062399999999,18.19143199827522,98.08205599827521
395,Drift ON + YOLOv8n Hailo (COCO),79.932198,13.418555994576309,93.35075399457631
396,Drift ON + YOLOv8n Hailo (COCO),80.067605,14.432705000217538,94.50031000021754
397,Drift ON + YOLOv8n Hailo (COCO),80.086254,14.365351999003906,94.4516059990039
398,Drift ON + YOLOv8n Hailo (COCO),80.110811,13.171259000955615,93.28207000095561
399,Drift ON + YOLOv8n Hailo (COCO),80.137327,14.340927002194803,94.4782540021948
400,Drift ON + YOLOv8n Hailo (COCO),80.23603299999999,15.069891000166535,95.30592400016653
401,Drift ON + YOLOv8n Hailo (COCO),80.433011,12.942055000166874,93.37506600016687
402,Drift ON + YOLOv8n Hailo (COCO),80.495268,15.217186999507248,95.71245499950724
403,Drift ON + YOLOv8n Hailo (COCO),80.58925,16.976744998828508,97.56599499882851
404,Drift ON + YOLOv8n Hailo (COCO),80.947451,16.029446996981278,96.97689799698128
405,Drift ON + YOLOv8n Hailo (COCO),81.02443099999999,16.465022003103513,97.4894530031035
406,Drift ON + YOLOv8n Hailo (COCO),81.063464,15.15746499353554,96.22092899353554
407,Drift ON + YOLOv8n Hailo (COCO),81.42281299999999,15.38309500028845,96.80590800028844
408,Drift ON + YOLOv8n Hailo (COCO),81.486575,14.33974200335797,95.82631700335797
409,Drift ON + YOLOv8n Hailo (COCO),81.501834,13.969815998279955,95.47164999827996
410,Drift ON + YOLOv8n Hailo (COCO),81.675015,17.063690000213683,98.73870500021368
411,Drift ON + YOLOv8n Hailo (COCO),81.733547,14.851298001303803,96.5848450013038
412,Drift ON + YOLOv8n Hailo (COCO),81.762478,15.279779996490106,97.04225799649011
413,Drift ON + YOLOv8n Hailo (COCO),81.79123700000001,14.135964003799018,95.92720100379903
414,Drift ON + YOLOv8n Hailo (COCO),81.842922,14.1643339957227,96.0072559957227
415,Drift ON + YOLOv8n Hailo (COCO),81.877194,17.042744999343995,98.919938999344
416,Drift ON + YOLOv8n Hailo (COCO),81.992328,18.35911799571477,100.35144599571477
417,Drift ON + YOLOv8n Hailo (COCO),82.03735900000001,14.3926119999378,96.42997099993781
418,Drift ON + YOLOv8n Hailo (COCO),82.060121,14.04989000002388,96.11001100002387
419,Drift ON + YOLOv8n Hailo (COCO),82.193956,16.61900399631122,98.81295999631122
420,Drift ON + YOLOv8n Hailo (COCO),82.382284,13.513537000108045,95.89582100010804
421,Drift ON + YOLOv8n Hailo (COCO),82.43563800000001,14.68666800064966,97.12230600064967
422,Drift ON + YOLOv8n Hailo (COCO),82.586803,13.9039080022485,96.4907110022485
423,Drift ON + YOLOv8n Hailo (COCO),82.756095,16.13122500566533,98.88732000566533
424,Drift ON + YOLOv8n Hailo (COCO),82.836024,16.02259599894751,98.8586199989475
425,Drift ON + YOLOv8n Hailo (COCO),82.84983799999999,22.47610400081612,105.32594200081611
426,Drift ON + YOLOv8n Hailo (COCO),82.944334,18.886284000473097,101.8306180004731
427,Drift ON + YOLOv8n Hailo (COCO),82.975313,17.845579997811,100.820892997811
428,Drift ON + YOLOv8n Hailo (COCO),83.22829800000001,17.79380199877778,101.02209999877779
429,Drift ON + YOLOv8n Hailo (COCO),83.299793,12.860627997724803,96.1604209977248
430,Drift ON + YOLOv8n Hailo (COCO),83.340406,12.33681299345335,95.67721899345335
431,Drift ON + YOLOv8n Hailo (COCO),83.597958,16.204633000597823,99.80259100059783
432,Drift ON + YOLOv8n Hailo (COCO),83.608903,15.124500998354051,98.73340399835405
433,Drift ON + YOLOv8n Hailo (COCO),83.648548,17.98765399871627,101.63620199871627
434,Drift ON + YOLOv8n Hailo (COCO),83.867215,16.355726002075244,100.22294100207525
435,Drift ON + YOLOv8n Hailo (COCO),83.87123000000001,19.97552700049709,103.8467570004971
436,Drift ON + YOLOv8n Hailo (COCO),84.00510299999999,15.700187999755144,99.70529099975514
437,Drift ON + YOLOv8n Hailo (COCO),84.105782,15.485742995224427,99.59152499522443
438,Drift ON + YOLOv8n Hailo (COCO),84.16131899999999,13.323425999260508,97.4847449992605
439,Drift ON + YOLOv8n Hailo (COCO),84.28706199999999,15.62552100222092,99.91258300222091
440,Drift ON + YOLOv8n Hailo (COCO),84.54489,18.640118003531825,103.18500800353182
441,Drift ON + YOLOv8n Hailo (COCO),84.58215,16.999079001834616,101.58122900183461
442,Drift ON + YOLOv8n Hailo (COCO),84.78659400000001,16.238910000538453,101.02550400053846
443,Drift ON + YOLOv8n Hailo (COCO),84.813461,16.12768799532205,100.94114899532205
444,Drift ON + YOLOv8n Hailo (COCO),84.93875700000001,18.820803001290187,103.7595600012902
445,Drift ON + YOLOv8n Hailo (COCO),84.941663,17.483634997915942,102.42529799791595
446,Drift ON + YOLOv8n Hailo (COCO),85.145593,18.165023997426037,103.31061699742604
447,Drift ON + YOLOv8n Hailo (COCO),85.167348,15.674483998736832,100.84183199873684
448,Drift ON + YOLOv8n Hailo (COCO),85.493363,16.537356001208536,102.03071900120854
449,Drift ON + YOLOv8n Hailo (COCO),85.494064,15.86383599351393,101.35789999351393
450,Drift ON + YOLOv8n Hailo (COCO),85.57230200000001,12.944627997057978,98.51692999705799
451,Drift ON + YOLOv8n Hailo (COCO),85.70112300000001,12.969276998774149,98.67039999877416
452,Drift ON + YOLOv8n Hailo (COCO),85.747413,15.396280999993904,101.1436939999939
453,Drift ON + YOLOv8n Hailo (COCO),86.394504,18.10611700057052,104.50062100057052
454,Drift ON + YOLOv8n Hailo (COCO),86.410984,16.09615099732764,102.50713499732764
455,Drift ON + YOLOv8n Hailo (COCO),86.566649,19.344358996022493,105.91100799602249
456,Drift ON + YOLOv8n Hailo (COCO),86.979493,19.184934004442766,106.16442700444277
457,Drift ON + YOLOv8n Hailo (COCO),87.087452,17.0468560027075,104.1343080027075
458,Drift ON + YOLOv8n Hailo (COCO),87.31827100000001,16.512391994183417,103.83066299418343
459,Drift ON + YOLOv8n Hailo (COCO),87.76766799999999,13.579036996816283,101.34670499681627
460,Drift ON + YOLOv8n Hailo (COCO),88.035762,16.777967000962235,104.81372900096224
461,Drift ON + YOLOv8n Hailo (COCO),88.16906100000001,16.19874400057597,104.36780500057598
462,Drift ON + YOLOv8n Hailo (COCO),88.70016,19.35635900008492,108.05651900008492
463,Drift ON + YOLOv8n Hailo (COCO),89.061469,18.66450700617861,107.72597600617861
464,Drift ON + YOLOv8n Hailo (COCO),89.365654,18.13495000533294,107.50060400533295
465,Drift ON + YOLOv8n Hailo (COCO),89.457601,17.018837002979126,106.47643800297912
466,Drift ON + YOLOv8n Hailo (COCO),89.518987,17.793079001421575,107.31206600142157
467,Drift ON + YOLOv8n Hailo (COCO),89.594685,14.432242001930716,104.02692700193072
468,Drift ON + YOLOv8n Hailo (COCO),89.70058,16.1112440036959,105.8118240036959
469,Drift ON + YOLOv8n Hailo (COCO),89.964777,16.122596003697254,106.08737300369725
470,Drift ON + YOLOv8n Hailo (COCO),90.041593,15.821984001377132,105.86357700137714
471,Drift ON + YOLOv8n Hailo (COCO),90.10166699999999,16.10189200437162,106.20355900437161
472,Drift ON + YOLOv8n Hailo (COCO),90.38572,15.756651002448052,106.14237100244806
473,Drift ON + YOLOv8n Hailo (COCO),90.483308,16.194965995964594,106.67827399596459
474,Drift ON + YOLOv8n Hailo (COCO),90.83395499999999,15.026445995317772,105.86040099531776
475,Drift ON + YOLOv8n Hailo (COCO),91.374747,15.388687002996448,106.76343400299645
476,Drift ON + YOLOv8n Hailo (COCO),92.12160899999999,17.180135000671726,109.30174400067172
477,Drift ON + YOLOv8n Hailo (COCO),92.128769,16.046169999754056,108.17493899975406
478,Drift ON + YOLOv8n Hailo (COCO),92.554525,13.704445002076682,106.25897000207668
479,Drift ON + YOLOv8n Hailo (COCO),92.571527,16.87883799604606,109.45036499604606
480,Drift ON + YOLOv8n Hailo (COCO),92.828952,16.06170699960785,108.89065899960785
481,Drift ON + YOLOv8n Hailo (COCO),92.840299,17.414226997061633,110.25452599706163
482,Drift ON + YOLOv8n Hailo (COCO),92.852712,15.52681700559333,108.37952900559333
483,Drift ON + YOLOv8n Hailo (COCO),92.898004,14.908835000824183,107.80683900082418
484,Drift ON + YOLOv8n Hailo (COCO),92.969723,19.25745200423989,112.2271750042399
485,Drift ON + YOLOv8n Hailo (COCO),93.316205,15.882298997894395,109.19850399789439
486,Drift ON + YOLOv8n Hailo (COCO),93.366444,17.568727998877876,110.93517199887788
487,Drift ON + YOLOv8n Hailo (COCO),93.62611199999999,16.670985998644028,110.29709799864402
488,Drift ON + YOLOv8n Hailo (COCO),93.72457100000001,18.12598799733678,111.85055899733679
489,Drift ON + YOLOv8n Hailo (COCO),94.204031,18.12780200270936,112.33183300270936
490,Drift ON + YOLOv8n Hailo (COCO),94.32578799999999,15.9539849992143,110.27977299921429
491,Drift ON + YOLOv8n Hailo (COCO),94.483025,16.147891998116393,110.63091699811639
492,Drift ON + YOLOv8n Hailo (COCO),94.60254,14.695612000650726,109.29815200065073
493,Drift ON + YOLOv8n Hailo (COCO),95.06933400000001,16.705319001630414,111.77465300163043
494,Drift ON + YOLOv8n Hailo (COCO),95.33935000000001,16.816615003335755,112.15596500333577
495,Drift ON + YOLOv8n Hailo (COCO),96.28270599999999,14.93181599653326,111.21452199653325
496,Drift ON + YOLOv8n Hailo (COCO),96.735336,16.91978199960431,113.65511799960431
497,Drift ON + YOLOv8n Hailo (COCO),96.789554,14.017999994393904,110.8075539943939
498,Drift ON + YOLOv8n Hailo (COCO),98.085098,14.360740999109112,112.44583899910911
499,Drift ON + YOLOv8n Hailo (COCO),98.346412,16.76776299427729,115.11417499427729
500,Drift ON + YOLOv8n Hailo (COCO),98.531999,19.917304001864977,118.44930300186498
501,Drift ON + YOLOv8n Hailo (COCO),99.10138,18.30896900355583,117.41034900355584
502,Drift ON + YOLOv8n Hailo (COCO),99.236459,15.882872998190578,115.11933199819057
503,Drift ON + YOLOv8n Hailo (COCO),100.16127700000001,16.79804099694593,116.95931799694594
504,Drift ON + YOLOv8n Hailo (COCO),100.322962,12.091163996956311,112.41412599695632
505,Drift ON + YOLOv8n Hailo (COCO),100.563847,13.870036993466783,114.43388399346678
506,Drift ON + YOLOv8n Hailo (COCO),102.23851400000001,13.030721005634405,115.26923500563441
507,Drift ON + YOLOv8n Hailo (COCO),103.311211,15.871169001911769,119.18238000191177
508,Drift ON + YOLOv8n Hailo (COCO),103.539206,12.870129001385068,116.40933500138506
509,Drift ON + YOLOv8n Hailo (COCO),103.938609,15.271593998477329,119.21020299847733
510,Drift ON + YOLOv8n Hailo (COCO),104.29745899999999,15.459558002476117,119.7570170024761
511,Drift ON + YOLOv8n Hailo (COCO),104.61182099999999,17.12918900011573,121.74101000011572
512,Drift ON + YOLOv8n Hailo (COCO),105.66186900000001,15.46727999811992,121.12914899811993
513,Drift ON + YOLOv8n Hailo (COCO),106.177494,13.517906998458784,119.69540099845878
514,Drift ON + YOLOv8n Hailo (COCO),106.20679,14.485870997305028,120.69266099730503
515,Drift ON + YOLOv8n Hailo (COCO),108.346917,13.670667001861148,122.01758400186115
516,Drift ON + YOLOv8n Hailo (COCO),108.678691,14.743056999577677,123.42174799957768
517,Drift ON + YOLOv8n Hailo (COCO),108.757667,15.873835996899288,124.63150299689929
518,Drift ON + YOLOv8n Hailo (COCO),108.873226,16.39726300345501,125.27048900345501
519,Drift ON + YOLOv8n Hailo (COCO),108.901478,14.7501489991555,123.6516269991555
520,Drift ON + YOLOv8n Hailo (COCO),109.831214,16.65872600278817,126.48994000278817
521,Drift ON + YOLOv8n Hailo (COCO),111.13783000000001,13.768056000117213,124.90588600011722
522,Drift ON + YOLOv8n Hailo (COCO),112.168431,13.713739994273055,125.88217099427305
523,Drift ON + YOLOv8n Hailo (COCO),112.970792,15.04688999557402,128.01768199557404
524,Drift ON + YOLOv8n Hailo (COCO),112.97281100000001,14.38170499750413,127.35451599750414
525,Drift ON + YOLOv8n Hailo (COCO),113.151804,15.231317003781442,128.38312100378144
526,Drift ON + YOLOv8n Hailo (COCO),113.464393,13.886369997635484,127.35076299763548
527,Drift ON + YOLOv8n Hailo (COCO),114.002317,13.716184002987577,127.71850100298758
528,Drift ON + YOLOv8n Hailo (COCO),114.163205,16.250502994807903,130.4137079948079
529,Drift ON + YOLOv8n Hailo (COCO),114.247501,15.122889999474864,129.37039099947486
530,Drift ON + YOLOv8n Hailo (COCO),114.391923,14.157147998048458,128.54907099804848
531,Drift ON + YOLOv8n Hailo (COCO),116.648972,12.680831998295616,129.32980399829563
532,Drift ON + YOLOv8n Hailo (COCO),117.329799,14.831909000349697,132.16170800034968
533,Drift ON + YOLOv8n Hailo (COCO),119.756013,15.122465003514662,134.87847800351466
534,Drift ON + YOLOv8n Hailo (COCO),122.890644,14.56677899841452,137.45742299841453
535,Drift ON + YOLOv8n Hailo (COCO),124.317519,14.329038000141736,138.64655700014174
536,Drift ON + YOLOv8n Hailo (COCO),124.785662,13.273629003379028,138.05929100337903
537,Drift ON + YOLOv8n Hailo (COCO),127.59241499999999,13.221203000284731,140.81361800028472
538,Drift ON + YOLOv8n Hailo (COCO),127.825186,13.750092999543996,141.575278999544
539,Drift ON + YOLOv8n Hailo (COCO),127.87757799999999,15.438187001564074,143.31576500156405
540,Drift ON + YOLOv8n Hailo (COCO),128.63559999999998,14.555296998878475,143.19089699887846
541,Drift ON + YOLOv8n Hailo (COCO),130.80087300000002,16.615817999991123,147.41669099999115
542,Drift ON + YOLOv8n Hailo (COCO),131.622076,13.471685000695288,145.09376100069528
543,Drift ON + YOLOv8n Hailo (COCO),132.339895,15.78957599849673,148.12947099849674
544,Drift ON + YOLOv8n Hailo (COCO),132.639691,15.779372995893937,148.41906399589394
545,Drift ON + YOLOv8n Hailo (COCO),133.505106,14.492760004941374,147.9978660049414
546,Drift ON + YOLOv8n Hailo (COCO),135.652691,16.109465999761596,151.7621569997616
547,Drift ON + YOLOv8n Hailo (COCO),137.923464,16.69707700057188,154.62054100057188
548,Drift ON + YOLOv8n Hailo (COCO),142.578155,13.532943004975095,156.1110980049751
549,Drift ON + YOLOv8n Hailo (COCO),143.87363200000001,14.380315005837474,158.2539470058375
550,Drift ON + YOLOv8n Hailo (COCO),146.18730499999998,16.482781997183338,162.67008699718332
551,Drift ON + YOLOv8n Hailo (COCO),146.636888,15.177631001279224,161.81451900127922
552,Drift ON + YOLOv8n Hailo (COCO),148.26950399999998,12.532849003036972,160.80235300303696
553,Drift ON + YOLOv8n Hailo (COCO),149.26897,16.312318002746906,165.5812880027469
554,Drift ON + YOLOv8n Hailo (COCO),152.706683,13.68496299983235,166.39164599983235
555,Drift ON + YOLOv8n Hailo (COCO),158.10215499999998,13.6191659985343,171.72132099853428
556,Drift ON + YOLOv8n Hailo (COCO),158.928081,19.01889500004472,177.9469760000447
557,Drift ON + YOLOv8n Hailo (COCO),159.459516,19.14932199724717,178.60883799724718
558,Drift ON + YOLOv8n Hailo (COCO),160.972834,22.325122998154256,183.29795699815426
559,Drift ON + YOLOv8n Hailo (COCO),167.181537,19.48611799889477,186.66765499889476
560,Drift ON + YOLOv8n Hailo (COCO),169.250339,23.179937998065725,192.43027699806572
561,Drift ON + YOLOv8n Hailo (COCO),170.528203,16.254744004982058,186.78294700498205
562,Drift ON + YOLOv8n Hailo (COCO),173.659652,15.541298998869024,189.20095099886902
563,Drift ON + YOLOv8n Hailo (COCO),183.609813,14.50705699971877,198.11686999971877
564,Drift ON + YOLOv8n Hailo (COCO),189.414918,15.3633899972192,204.7783079972192
565,Drift ON + YOLOv8n Hailo (COCO),202.071443,13.234647005447188,215.30609000544717
566,Drift ON + YOLOv8n Hailo (COCO),217.435032,15.05918700422626,232.49421900422627
567,Drift ON + YOLOv8n Hailo (COCO),218.336955,16.428299000835977,234.76525400083597
568,Drift ON + YOLOv8n Hailo (COCO),218.41923899999998,15.286019995983224,233.7052589959832
569,Drift ON + YOLOv8n Hailo (COCO),219.51735,18.09367199894041,237.6110219989404
570,Drift ON + YOLOv8n Hailo (COCO),221.582994,15.755371998238845,237.33836599823886
571,Drift ON + YOLOv8n Hailo (COCO),228.13513899999998,15.6745209969813,243.80965999698128
572,Drift ON + YOLOv8n Hailo (COCO),233.663753,21.06432399887126,254.72807699887127
